Frequenza;Millisecondi;correzioni;BEGIN;DURATION;TOKEN;MAU;MAS;ORT;KAN;TRO;MRP;KAS;SPK;TRN;SPD;VAD;Modo di articolazione;Luogo di articolazione;Sonorità
44100;;0;0.0;89081.0;-1;<p:>;;;;;;;;;;;;;
44100;2,006;88465;89082.0;9701.0;0;i;;Il;i l;;;;;;;;alta;anteriore;v
44100;2,154;94991;98784.0;2204.0;0;l;;Il;i l;;;;;;;;laterale;alveolare;sonora
44100;2,286;100813;100989.0;2204.0;-1;<p:>;;;;;;;;;;;;;
44100;2,37;104782;103194.0;1763.0;1;p;;piccolo;p i kk o l o;;;;;;;;occlusiva;bilabiale;sorda
44100;2,413;106413;104958.0;5732.0;1;i;;piccolo;p i kk o l o;;;;;;;;alta;anteriore;v
44100;2,522;111220;110691.0;9260.0;1;kk;;piccolo;p i kk o l o;;;;;;;;occlusiva;velare;sorda
44100;2,794;123215;119952.0;3968.0;1;o;;piccolo;p i kk o l o;;;;;;;;medio-alta;posteriore;v
44100;2,809;123877;123921.0;7496.0;1;l;;piccolo;p i kk o l o;;;;;;;;laterale;alveolare;sonora
44100;2,853;125817;131418.0;1322.0;1;o;;piccolo;p i kk o l o;;;;;;;;medio-alta;posteriore;v
44100;2,949;130051;132741.0;3968.0;2;r;;ragno;r a JJ o;;;;;;;;vibrante;alveolare;sonora
44100;3,008;132653;136710.0;2204.0;2;a;;ragno;r a JJ o;;;;;;;;bassa;centrale;v
44100;3,144;138650;138915.0;13229.0;2;JJ;;ragno;r a JJ o;;;;;;;;nasale;palatale;sonora
44100;3,45;152145;152145.0;2645.0;2;o;;ragno;r a JJ o;;;;;;;;medio-alta;posteriore;v
44100;3,538;156026;;;-1;<p:>;;;;;;;;;;;;;
44100;3,949;174283;154791.0;21167.0;3;t;;tesse;t E ss e;;;;;;;;occlusiva;alveolare;sorda
44100;3,978;175430;175959.0;7496.0;3;E;;tesse;t E ss e;;;;;;;;medio-bassa;anteriore;v
44100;4,166;183721;183456.0;11906.0;3;ss;;tesse;t E ss e;;;;;;;;fricativa;alveolare;sorda
44100;4,42;194922;195363.0;5291.0;3;e;;tesse;t E ss e;;;;;;;;medio-alta;anteriore;v
44100;4,547;200523;200655.0;8378.0;-1;<p:>;;;;;;;;;;;;;
44100;4,764;210092;216972.0;1322.0;4;E;;e;E;;;;;;;;medio-bassa;anteriore;v
44100;4,909;216487;;;-1;<p:>;;;;;;;;;;;;;
44100;5,029;221779;218295.0;4850.0;5;t;;tace;t a tS e;;;;;;;;occlusiva;alveolare;sorda
44100;5,06;223146;223146.0;7496.0;5;a;;tace;t a tS e;;;;;;;;bassa;centrale;v
44100;5,246;231349;230643.0;7937.0;5;tS;;tace;t a tS e;;;;;;;;affricata;postalveolare;sorda
44100;5,391;237743;238581.0;5732.0;5;e;;tace;t a tS e;;;;;;;;medio-alta;anteriore;v
44100;5,529;243829;244314.0;35279.0;-1;<p:>;;;;;;;;;;;;;
44100;7,126;314257;279594.0;44981.0;6;s;;Splende;s p l E n d e;;;;;;;;fricativa;alveolare;sorda
44100;7,3;321930;324576.0;2204.0;6;p;;Splende;s p l E n d e;;;;;;;;occlusiva;bilabiale;sorda
44100;7,493;330441;326781.0;4409.0;6;l;;Splende;s p l E n d e;;;;;;;;laterale;alveolare;sonora
44100;7,519;331588;331191.0;2645.0;6;E;;Splende;s p l E n d e;;;;;;;;medio-bassa;anteriore;v
44100;7,577;334146;333837.0;4850.0;6;n;;Splende;s p l E n d e;;;;;;;;nasale;alveolare;sonora
44100;7,809;344377;338688.0;2204.0;6;d;;Splende;s p l E n d e;;;;;;;;occlusiva;alveolare;sonora
44100;7,9;348390;340893.0;7496.0;7;e;;il;i l;;;;;;;;medio-alta;anteriore;v
44100;7,941;350198;348390.0;7496.0;7;i;;il;i l;;;;;;;;alta;anteriore;v
44100;8,035;354344;355887.0;8378.0;7;l;;il;i l;;;;;;;;laterale;alveolare;sonora
44100;8,187;361047;364266.0;2645.0;8;s;;sole;s o l e;;;;;;;;fricativa;alveolare;sorda
44100;8,381;369602;366912.0;10583.0;8;o;;sole;s o l e;;;;;;;;medio-alta;posteriore;v
44100;8,566;377761;377496.0;3086.0;8;l;;sole;s o l e;;;;;;;;laterale;alveolare;sonora
44100;8,652;381553;380583.0;3527.0;8;e;;sole;s o l e;;;;;;;;medio-alta;anteriore;v
44100;8,712;384199;384111.0;2204.0;9;E;;e;E;;;;;;;;medio-bassa;anteriore;v
44100;8,8;388080;386316.0;9701.0;10;s;;soffia;s o ff j a;;;;;;;;fricativa;alveolare;sorda
44100;8,9858;396274;396018.0;7496.0;10;o;;soffia;s o ff j a;;;;;;;;medio-alta;posteriore;v
44100;9,15;403515;403515.0;7055.0;10;ff;;soffia;s o ff j a;;;;;;;;fricativa;labiodentale;sorda
44100;9,308;410483;410571.0;1763.0;10;j;;soffia;s o ff j a;;;;;;;;approssimante;palatale;sonora
44100;9,353;412467;412335.0;1322.0;10;a;;soffia;s o ff j a;;;;;;;;bassa;centrale;v
44100;9,411;415025;413658.0;8819.0;11;i;;il;i l;;;;;;;;alta;anteriore;v
44100;9,448;416657;422478.0;3527.0;11;l;;il;i l;;;;;;;;laterale;alveolare;sonora
44100;9,589;422875;426006.0;1322.0;12;v;;vento;v E n t o;;;;;;;;fricativa;labiodentale;sonora
44100;9,661;426050;427329.0;2204.0;12;E;;vento;v E n t o;;;;;;;;medio-bassa;anteriore;v
44100;9,882;435796;429534.0;14552.0;12;n;;vento;v E n t o;;;;;;;;nasale;alveolare;sonora
44100;10,05;443205;444087.0;2645.0;12;t;;vento;v E n t o;;;;;;;;occlusiva;alveolare;sorda
44100;10,141;447218;446733.0;4409.0;12;o;;vento;v E n t o;;;;;;;;medio-alta;posteriore;v
44100;10,234;451319;451143.0;21167.0;-1;<p:>;;;;;;;;;;;;;
44100;10,716;472576;472311.0;7496.0;13;s;;Soffia;s o ff j a;;;;;;;;fricativa;alveolare;sorda
44100;10,893;480381;479808.0;5291.0;13;o;;Soffia;s o ff j a;;;;;;;;medio-alta;posteriore;v
44100;10,997;484968;485100.0;5732.0;13;ff;;Soffia;s o ff j a;;;;;;;;fricativa;labiodentale;sorda
44100;11,131;490877;490833.0;3086.0;13;j;;Soffia;s o ff j a;;;;;;;;approssimante;palatale;sonora
44100;11,201;493964;493920.0;4850.0;13;a;;Soffia;s o ff j a;;;;;;;;bassa;centrale;v
44100;11,289;497845;498771.0;1763.0;14;dZ;;giÃ ;dZ a;;;;;;;;affricata;postalveolare;sonora
44100;11,401;502784;500535.0;7055.0;14;a;;giÃ ;dZ a;;;;;;;;bassa;centrale;v
44100;11,521;508076;507591.0;3968.0;15;d;;di;d i;;;;;;;;occlusiva;alveolare;sonora
44100;11,596;511384;511560.0;4850.0;15;i;;di;d i;;;;;;;;alta;anteriore;v
44100;11,691;515573;516411.0;1322.0;16;b;;buon;b w O n;;;;;;;;occlusiva;bilabiale;sonora
44100;11,765;518837;517734.0;1322.0;16;w;;buon;b w O n;;;;;;;;approssimante;labio-velare;sonora
44100;11,852;522673;519057.0;8819.0;16;O;;buon;b w O n;;;;;;;;medio-bassa;posteriore;v
44100;11,938;526466;;;16;n;;buon;b w O n;;;;;;;;nasale;alveolare;sonora
44100;11,991;528803;527877.0;3086.0;17;m;;mattino;m a tt i n o;;;;;;;;nasale;bilabiale;sonora
44100;12,015;529862;530964.0;4409.0;17;a;;mattino;m a tt i n o;;;;;;;;bassa;centrale;v
44100;12,12;534492;535374.0;7055.0;17;tt;;mattino;m a tt i n o;;;;;;;;occlusiva;alveolare;sorda
44100;12,307;542739;542430.0;10142.0;17;i;;mattino;m a tt i n o;;;;;;;;alta;anteriore;v
44100;12,529;552529;552573.0;2204.0;17;n;;mattino;m a tt i n o;;;;;;;;nasale;alveolare;sonora
44100;12,608;556013;554778.0;5291.0;17;o;;mattino;m a tt i n o;;;;;;;;medio-alta;posteriore;v
44100;12,721;560996;560070.0;17198.0;-1;<p:>;;;;;;;;;;;;;
44100;13,128;578945;584766.0;1763.0;18;E;;e;E;;;;;;;;medio-bassa;anteriore;v
44100;13,342;584501;586530.0;3086.0;19;p;;porta;p O r t a;;;;;;;;occlusiva;bilabiale;sorda
44100;12,377;545826;589617.0;6173.0;19;O;;porta;p O r t a;;;;;;;;medio-bassa;posteriore;v
44100;13,456;593410;595791.0;3968.0;19;r;;porta;p O r t a;;;;;;;;vibrante;alveolare;sonora
44100;13,661;600201;599760.0;3086.0;19;t;;porta;p O r t a;;;;;;;;occlusiva;alveolare;sorda
44100;13,672;602935;602847.0;4850.0;19;a;;porta;p O r t a;;;;;;;;bassa;centrale;v
44100;13,787;608007;607698.0;2204.0;20;k;;con;k o n;;;;;;;;occlusiva;velare;sorda
44100;13,824;609638;609903.0;3968.0;20;O;;con;k o n;;;;;;;;medio-bassa;posteriore;v
44100;13,906;613255;613872.0;3968.0;20;n;;con;k o n;;;;;;;;nasale;alveolare;sonora
44100;13,974;616253;617841.0;7055.0;21;s;;sÃ©;s e;;;;;;;;fricativa;alveolare;sorda
44100;14,157;624324;624897.0;8378.0;21;e;;sÃ©;s e;;;;;;;;medio-alta;anteriore;v
44100;14,333;632085;633276.0;3086.0;-1;<p:>;;;;;;;;;;;;;
44100;14,44;636804;636363.0;7937.0;22;s;;sopra;s o p r a;;;;;;;;fricativa;alveolare;sorda
44100;14,603;643992;644301.0;4850.0;22;o;;sopra;s o p r a;;;;;;;;medio-alta;posteriore;v
44100;14,719;649108;649152.0;1322.0;22;p;;sopra;s o p r a;;;;;;;;occlusiva;bilabiale;sorda
44100;14,764;651092;650475.0;1322.0;22;r;;sopra;s o p r a;;;;;;;;vibrante;alveolare;sonora
44100;14,813;653253;;;22;a;;sopra;s o p r a;;;;;;;;bassa;centrale;v
44100;14,873;655899;651798.0;8378.0;23;i;;i;i;;;;;;;;alta;anteriore;v
44100;14,957;659604;660177.0;3086.0;24;k;;campi;k a m p i;;;;;;;;occlusiva;velare;sorda
44100;15,019;662338;663264.0;8378.0;24;a;;campi;k a m p i;;;;;;;;bassa;centrale;v
44100;15,18;669438;671643.0;3086.0;24;m;;campi;k a m p i;;;;;;;;nasale;bilabiale;sonora
44100;15,413;676097;674730.0;5732.0;24;p;;campi;k a m p i;;;;;;;;occlusiva;bilabiale;sorda
44100;15,427;680331;680463.0;5291.0;24;i;;campi;k a m p i;;;;;;;;alta;anteriore;v
44100;15,512;684079;685755.0;5291.0;-1;<p:>;;;;;;;;;;;;;
44100;15,693;692061,3;694575.0;7937.0;25;i;;il;i l;;;;;;;;alta;anteriore;v
44100;16,882;744496,2;702513.0;3086.0;25;l;;il;i l;;;;;;;;laterale;alveolare;sonora
44100;16,023;706614,3;705600.0;2204.0;26;p;;piccolo;p i kk o l o;;;;;;;;occlusiva;bilabiale;sorda
44100;16,063;708378,3;707805.0;3527.0;26;i;;piccolo;p i kk o l o;;;;;;;;alta;anteriore;v
44100;16,277;717815,7;711333.0;10583.0;26;kk;;piccolo;p i kk o l o;;;;;;;;occlusiva;velare;sorda
44100;15,363;677508,3;721917.0;3086.0;26;o;;piccolo;p i kk o l o;;;;;;;;medio-alta;posteriore;v
44100;16,439;724959,9;725004.0;6614.0;26;l;;piccolo;p i kk o l o;;;;;;;;laterale;alveolare;sonora
44100;15,589;687474,9;731619.0;1763.0;26;o;;piccolo;p i kk o l o;;;;;;;;medio-alta;posteriore;v
44100;16,617;732809,7;733383.0;1322.0;27;r;;ragno;r a JJ o;;;;;;;;vibrante;alveolare;sonora
44100;16,688;735940,8;734706.0;5732.0;27;a;;ragno;r a JJ o;;;;;;;;bassa;centrale;v
44100;16,789;740394,9;740439.0;17198.0;27;JJ;;ragno;r a JJ o;;;;;;;;nasale;palatale;sonora
44100;17,151;756359,1;;;27;o;;ragno;r a JJ o;;;;;;;;medio-alta;posteriore;v
44100;18,197;802487,7;757638.0;29546.0;-1;<p:>;;;;;;;;;;;;;
44100;18,329;808308,9;787185.0;22049.0;28;k;;Con;k o n;;;;;;;;occlusiva;velare;sorda
44100;18,348;809146,8;809235.0;4409.0;28;o;;Con;k o n;;;;;;;;medio-alta;posteriore;v
44100;18,421;812366,1;;;28;n;;Con;k o n;;;;;;;;nasale;alveolare;sonora
44100;18,452;813733,2;813645.0;6173.0;29;l;;lâ€™;l;;;;;;;;laterale;alveolare;sonora
44100;18,576;819201,6;819819.0;2645.0;30;a;;argenteo;a r dZ E n t e o;;;;;;;;bassa;centrale;v
44100;18,561;818540,1;822465.0;7937.0;30;r;;argenteo;a r dZ E n t e o;;;;;;;;vibrante;alveolare;sonora
44100;18,827;830270,7;830403.0;2645.0;30;dZ;;argenteo;a r dZ E n t e o;;;;;;;;affricata;postalveolare;sonora
44100;18,871;832211,1;833049.0;6614.0;30;E;;argenteo;a r dZ E n t e o;;;;;;;;medio-bassa;anteriore;v
44100;18,999;837855,9;839664.0;6173.0;30;n;;argenteo;a r dZ E n t e o;;;;;;;;nasale;alveolare;sonora
44100;19,201;846764,1;845838.0;2645.0;30;t;;argenteo;a r dZ E n t e o;;;;;;;;occlusiva;alveolare;sorda
44100;19,238;848395,8;848484.0;1763.0;30;e;;argenteo;a r dZ E n t e o;;;;;;;;medio-alta;anteriore;v
44100;19,29;850689;850248.0;6834.0;30;o;;argenteo;a r dZ E n t e o;;;;;;;;medio-alta;posteriore;v
44100;19,391;855143,1;857083.0;4629.0;31;f;;filo;f i l o;;;;;;;;fricativa;labiodentale;sorda
44100;19,537;861581,7;861713.0;6615.0;31;i;;filo;f i l o;;;;;;;;alta;anteriore;v
44100;19,637;865991,7;868329.0;1763.0;31;l;;filo;f i l o;;;;;;;;laterale;alveolare;sonora
44100;19,758;871327,8;870093.0;3086.0;31;o;;filo;f i l o;;;;;;;;medio-alta;posteriore;v
44100;19,827;874370,7;873180.0;4409.0;32;s;;sottile;s o tt i l e;;;;;;;;fricativa;alveolare;sorda
44100;19,905;877810,5;877590.0;4850.0;32;o;;sottile;s o tt i l e;;;;;;;;medio-alta;posteriore;v
44100;20,167;889364,7;882441.0;8378.0;32;tt;;sottile;s o tt i l e;;;;;;;;occlusiva;alveolare;sorda
44100;20,203;890952,3;890820.0;9260.0;32;i;;sottile;s o tt i l e;;;;;;;;alta;anteriore;v
44100;20,382;898846,2;900081.0;1322.0;32;l;;sottile;s o tt i l e;;;;;;;;laterale;alveolare;sonora
44100;20,445;901624,5;901404.0;7055.0;32;e;;sottile;s o tt i l e;;;;;;;;medio-alta;anteriore;v
44100;20,569;907092,9;908460.0;15875.0;-1;<p:>;;;;;;;;;;;;;
44100;20,966;924600,6;933156.0;1322.0;33;i;;il;i l;;;;;;;;alta;anteriore;v
44100;21,091;930113,1;934479.0;1322.0;33;l;;il;i l;;;;;;;;laterale;alveolare;sonora
44100;21,251;937169,1;935802.0;1763.0;34;p;;piccolo;p i kk o l o;;;;;;;;occlusiva;bilabiale;sorda
44100;21,335;940873,5;937566.0;6614.0;34;i;;piccolo;p i kk o l o;;;;;;;;alta;anteriore;v
44100;21,528;949384,8;944181.0;5732.0;34;kk;;piccolo;p i kk o l o;;;;;;;;occlusiva;velare;sorda
44100;21,55;950355;949914.0;3086.0;34;o;;piccolo;p i kk o l o;;;;;;;;medio-alta;posteriore;v
44100;21,618;953353,8;953001.0;2645.0;34;l;;piccolo;p i kk o l o;;;;;;;;laterale;alveolare;sonora
44100;21,674;955823,4;955647.0;3527.0;34;o;;piccolo;p i kk o l o;;;;;;;;medio-alta;posteriore;v
44100;21,696;956793,6;959175.0;11024.0;35;r;;ragno;r a JJ o;;;;;;;;vibrante;alveolare;sonora
44100;21,799;961335,9;970200.0;2204.0;35;a;;ragno;r a JJ o;;;;;;;;bassa;centrale;v
44100;21,957;968303,7;972405.0;5291.0;35;JJ;;ragno;r a JJ o;;;;;;;;nasale;palatale;sonora
44100;22,231;980387,1;977697.0;5291.0;35;O;;ragno;r a JJ o;;;;;;;;medio-bassa;posteriore;v
44100;22,282;982636,2;982989.0;6614.0;-1;<p:>;;;;;;;;;;;;;
44100;22,444;989780,4;989604.0;2204.0;36;r;;rimane;r i m a n e;;;;;;;;vibrante;alveolare;sonora
44100;22,645;998644,5;991809.0;7055.0;36;i;;rimane;r i m a n e;;;;;;;;alta;anteriore;v
44100;22,646;1001290,5;998865.0;2204.0;36;m;;rimane;r i m a n e;;;;;;;;nasale;bilabiale;sonora
44100;22,705;1001290,5;1001070.0;7937.0;36;a;;rimane;r i m a n e;;;;;;;;bassa;centrale;v
44100;22,858;1008037,8;1009008.0;3968.0;36;n;;rimane;r i m a n e;;;;;;;;nasale;alveolare;sonora
44100;22,967;1012844,7;1012977.0;1322.0;36;e;;rimane;r i m a n e;;;;;;;;medio-alta;anteriore;v
44100;23,038;1015975,8;1017387.0;1322.0;37;i;;impigliato;i m p i LL a t o;;;;;;;;alta;anteriore;v
44100;23,125;1019812,5;1018710.0;3086.0;37;m;;impigliato;i m p i LL a t o;;;;;;;;nasale;bilabiale;sonora
44100;23,234;1024619,4;1021797.0;4409.0;37;p;;impigliato;i m p i LL a t o;;;;;;;;occlusiva;bilabiale;sorda
44100;23,277;1026515,7;1026207.0;4409.0;37;i;;impigliato;i m p i LL a t o;;;;;;;;alta;anteriore;v
44100;23,365;1030396,5;1030617.0;8819.0;37;LL;;impigliato;i m p i LL a t o;;;;;;;;approssimante laterale;velare;sonora
44100;23,57;1039437;1039437.0;9701.0;37;a;;impigliato;i m p i LL a t o;;;;;;;;bassa;centrale;v
44100;23,832;1050991,2;1049139.0;3968.0;37;t;;impigliato;i m p i LL a t o;;;;;;;;occlusiva;alveolare;sorda
44100;23,876;1052931,6;1053108.0;4409.0;37;o;;impigliato;i m p i LL a t o;;;;;;;;medio-alta;posteriore;v
44100;23,958;1056547,8;1057518.0;10583.0;-1;<p:>;;;;;;;;;;;;;
44100;25,197;1111187,7;1068102.0;3086.0;38;f;;fra;f r a;;;;;;;;fricativa;labiodentale;sorda
44100;24,266;1070130,6;1071189.0;4409.0;38;r;;fra;f r a;;;;;;;;vibrante;alveolare;sonora
44100;24,334;1073129,4;;;38;a;;fra;f r a;;;;;;;;bassa;centrale;v
44100;24,386;1075422,6;1075599.0;6614.0;39;i;;i;i;;;;;;;;alta;anteriore;v
44100;24,555;1082875,5;1082214.0;1322.0;40;p;;pali;p a l i;;;;;;;;occlusiva;bilabiale;sorda
44100;24,581;1084022,1;1083537.0;8819.0;40;a;;pali;p a l i;;;;;;;;bassa;centrale;v
44100;24,698;1089181,8;1092357.0;2204.0;40;l;;pali;p a l i;;;;;;;;laterale;alveolare;sonora
44100;24,818;1094473,8;1094562.0;6173.0;40;i;;pali;p a l i;;;;;;;;alta;anteriore;v
44100;24,979;1101573,9;1100736.0;1322.0;41;d;;di;d i;;;;;;;;occlusiva;alveolare;sonora
44100;25,008;1102852,8;1102059.0;4409.0;41;i;;di;d i;;;;;;;;alta;anteriore;v
44100;25,047;1104572,7;1106469.0;3086.0;42;u;;un;u n;;;;;;;;alta;posteriore;v
44100;25,081;1106072,1;1109556.0;1763.0;42;n;;un;u n;;;;;;;;nasale;alveolare;sonora
44100;25,156;1109379,6;1111320.0;3086.0;43;r;;recinto;r e tS i n t o;;;;;;;;vibrante;alveolare;sonora
44100;25,263;1114098,3;1114407.0;5291.0;43;e;;recinto;r e tS i n t o;;;;;;;;medio-alta;anteriore;v
44100;25,387;1119566,7;1119699.0;6173.0;43;tS;;recinto;r e tS i n t o;;;;;;;;affricata;postalveolare;sorda
44100;25,525;1125652,5;1125873.0;2645.0;43;i;;recinto;r e tS i n t o;;;;;;;;alta;anteriore;v
44100;25,608;1129312,8;1128519.0;9701.0;43;n;;recinto;r e tS i n t o;;;;;;;;nasale;alveolare;sonora
44100;25,859;1140381,9;1138221.0;3527.0;43;t;;recinto;r e tS i n t o;;;;;;;;occlusiva;alveolare;sorda
44100;25,899;1142145,9;1141749.0;5291.0;43;o;;recinto;r e tS i n t o;;;;;;;;medio-alta;posteriore;v
44100;25,996;1146423,6;1147041.0;36161.0;-1;<p:>;;;;;;;;;;;;;
44100;26,888;1185760,8;1188054.0;1322.0;44;E;;E;E;;;;;;;;medio-bassa;anteriore;v
44100;27,094;1194845,4;1189377.0;10142.0;45;k;;comincia;k o m i n tS a;;;;;;;;occlusiva;velare;sorda
44100;27,181;1198682,1;1199520.0;4409.0;45;o;;comincia;k o m i n tS a;;;;;;;;medio-alta;posteriore;v
44100;28,254;1246001,4;1203930.0;1763.0;45;m;;comincia;k o m i n tS a;;;;;;;;nasale;bilabiale;sonora
44100;27,337;1205561,7;1205694.0;7055.0;45;i;;comincia;k o m i n tS a;;;;;;;;alta;anteriore;v
44100;27,47;1211427;1212750.0;6173.0;45;n;;comincia;k o m i n tS a;;;;;;;;nasale;alveolare;sonora
44100;27,565;1215616,5;1218924.0;3968.0;45;tS;;comincia;k o m i n tS a;;;;;;;;affricata;postalveolare;sorda
44100;27,716;1222275,6;1222893.0;3086.0;45;a;;comincia;k o m i n tS a;;;;;;;;bassa;centrale;v
44100;27,8;1225980;1225980.0;7937.0;46;s;;subito;s u b i t o;;;;;;;;fricativa;alveolare;sorda
44100;27,984;1234094,4;1233918.0;7937.0;46;u;;subito;s u b i t o;;;;;;;;alta;posteriore;v
44100;28,066;1237710,6;1241856.0;1322.0;46;b;;subito;s u b i t o;;;;;;;;occlusiva;bilabiale;sonora
44100;28,145;1241194,5;1243179.0;5732.0;46;i;;subito;s u b i t o;;;;;;;;alta;anteriore;v
44100;28,333;1249485,3;1248912.0;1322.0;46;t;;subito;s u b i t o;;;;;;;;occlusiva;alveolare;sorda
44100;28,399;1249485,3;1250235.0;5291.0;46;o;;subito;s u b i t o;;;;;;;;medio-alta;posteriore;v
44100;28,465;1252395,9;1255527.0;10583.0;-1;<p:>;;;;;;;;;;;;;
44100;28,747;1267742,7;1270521.0;1322.0;47;a;;a;a;;;;;;;;bassa;centrale;v
44100;29,004;1279076,4;1271844.0;8378.0;48;t;;tessere;t E ss e r e;;;;;;;;occlusiva;alveolare;sorda
44100;29,038;1280575,8;1280223.0;6614.0;48;E;;tessere;t E ss e r e;;;;;;;;medio-bassa;anteriore;v
44100;29,176;1286661,6;1286838.0;8378.0;48;ss;;tessere;t E ss e r e;;;;;;;;fricativa;alveolare;sorda
44100;29,354;1294511,4;1295217.0;2204.0;48;e;;tessere;t E ss e r e;;;;;;;;medio-alta;anteriore;v
44100;29,394;1296275,4;1297422.0;1322.0;48;r;;tessere;t E ss e r e;;;;;;;;vibrante;alveolare;sonora
44100;29,451;1298789,1;1298745.0;2645.0;48;e;;tessere;t E ss e r e;;;;;;;;medio-alta;anteriore;v
44100;29,517;1301699,7;1301391.0;2645.0;49;l;;la;l a;;;;;;;;laterale;alveolare;sonora
44100;29,566;1303860,6;1304037.0;3968.0;49;a;;la;l a;;;;;;;;bassa;centrale;v
44100;29,651;1307609,1;1308006.0;5732.0;50;s;;sua;s u a;;;;;;;;fricativa;alveolare;sorda
44100;29,793;1313871,3;1313739.0;3968.0;50;u;;sua;s u a;;;;;;;;alta;posteriore;v
44100;29,878;1317619,8;1317708.0;1763.0;50;a;;sua;s u a;;;;;;;;bassa;centrale;v
44100;29,978;1322029,8;1319472.0;3968.0;51;t;;tela;t e l a;;;;;;;;occlusiva;alveolare;sorda
44100;30,12;1328292;1323441.0;4850.0;51;e;;tela;t e l a;;;;;;;;medio-alta;anteriore;v
44100;30,088;1326880,8;1328292.0;4850.0;51;l;;tela;t e l a;;;;;;;;laterale;alveolare;sonora
44100;30,213;1332393,3;1333143.0;3968.0;51;a;;tela;t e l a;;;;;;;;bassa;centrale;v
44100;30,321;1337156,1;1337112.0;64385.0;-1;<p:>;;;;;;;;;;;;;
44100;31,826;1403526,6;1405908.0;3968.0;52;a;;Arriva;a rr i v a;;;;;;;;bassa;centrale;v
44100;31,97;1409877;1409877.0;4409.0;52;r;;Arriva;a rr i v a;;;;;;;;vibrante;alveolare;sonora
44100;32,093;1415301,3;1414287.0;6173.0;52;i;;Arriva;a rr i v a;;;;;;;;alta;anteriore;v
44100;32,207;1420328,7;1420461.0;1763.0;52;v;;Arriva;a rr i v a;;;;;;;;fricativa;labiodentale;sonora
44100;32,242;1421872,2;1422225.0;1763.0;52;a;;Arriva;a rr i v a;;;;;;;;bassa;centrale;v
44100;32,29;1423989;1423989.0;7055.0;53;i;;il;i l;;;;;;;;alta;anteriore;v
44100;32,346;1426458,6;1431045.0;1763.0;53;l;;il;i l;;;;;;;;laterale;alveolare;sonora
44100;32,482;1432456,2;1432809.0;2645.0;54;k;;cavallo;k a v a ll o;;;;;;;;occlusiva;velare;sorda
44100;32,534;1434749,4;1435455.0;3968.0;54;a;;cavallo;k a v a ll o;;;;;;;;bassa;centrale;v
44100;32,625;1438762,5;1439424.0;2204.0;54;v;;cavallo;k a v a ll o;;;;;;;;fricativa;labiodentale;sonora
44100;32,704;1442246,4;1441629.0;9260.0;54;a;;cavallo;k a v a ll o;;;;;;;;bassa;centrale;v
44100;32,893;1450581,3;1450890.0;8378.0;54;ll;;cavallo;k a v a ll o;;;;;;;;laterale;alveolare;sonora
44100;33,098;1459621,8;1459269.0;5291.0;54;o;;cavallo;k a v a ll o;;;;;;;;medio-alta;posteriore;v
44100;33,18;1463238;1464561.0;16316.0;-1;<p:>;;;;;;;;;;;;;
44100;33,619;1482597,9;1483965.0;1322.0;55;E;;e;E;;;;;;;;medio-bassa;anteriore;v
44100;33,701;1486214,1;1485288.0;1763.0;56;L;;gli;L i;;;;;;;;approssimante laterale;velare;sonora
44100;33,786;1489962,6;1487052.0;7055.0;56;i;;gli;L i;;;;;;;;alta;anteriore;v
44100;33,878;1494019,8;1494108.0;1322.0;57;d;;dice;d i tS e;;;;;;;;occlusiva;alveolare;sonora
44100;33,917;1495739,7;1495431.0;7496.0;57;i;;dice;d i tS e;;;;;;;;alta;anteriore;v
44100;33,043;1457196,3;1502928.0;3527.0;57;tS;;dice;d i tS e;;;;;;;;affricata;postalveolare;sorda
44100;34,136;1505397,6;1506456.0;7937.0;57;e;;dice;d i tS e;;;;;;;;medio-alta;anteriore;v
44100;34,287;1512056,7;1514394.0;9701.0;-1;<p:>;;;;;;;;;;;;;
44100;34,554;1523831,4;1524096.0;5291.0;58;j;;Hiii;j j i;;;;;;;;approssimante;palatale;sonora
44100;34,719;1531107,9;1529388.0;9260.0;58;j;;Hiii;j j i;;;;;;;;approssimante;palatale;sonora
44100;34,831;1536047,1;1538649.0;22931.0;58;i;;Hiii;j j i;;;;;;;;alta;anteriore;v
44100;35,419;1561977,9;1561581.0;6173.0;59;j;;Hiii;j j i;;;;;;;;approssimante;palatale;sonora
44100;35,558;1568107,8;1567755.0;10142.0;59;j;;Hiii;j j i;;;;;;;;approssimante;palatale;sonora
44100;35,75;1576575;1577898.0;19844.0;59;i;;Hiii;j j i;;;;;;;;alta;anteriore;v
44100;36,206;1596684,6;1597743.0;19403.0;-1;<p:>;;;;;;;;;;;;;
44100;36,714;1619087,4;1617147.0;1322.0;60;v;;Vuoi;v w O i;;;;;;;;fricativa;labiodentale;sonora
44100;36,738;1620145,8;1618470.0;1322.0;60;w;;Vuoi;v w O i;;;;;;;;approssimante;labio-velare;sonora
44100;36,789;1622394,9;1619793.0;3968.0;60;O;;Vuoi;v w O i;;;;;;;;medio-bassa;posteriore;v
44100;26,833;1183335,3;1623762.0;3086.0;60;i;;Vuoi;v w O i;;;;;;;;alta;anteriore;v
44100;36,901;1627334,1;1626849.0;3968.0;61;v;;venire;v e n i r e;;;;;;;;fricativa;labiodentale;sonora
44100;36,926;1628436,6;1630818.0;2204.0;61;e;;venire;v e n i r e;;;;;;;;medio-alta;anteriore;v
44100;37,02;1632582;1633023.0;2204.0;61;n;;venire;v e n i r e;;;;;;;;nasale;alveolare;sonora
44100;37,09;1635669;1635228.0;7055.0;61;i;;venire;v e n i r e;;;;;;;;alta;anteriore;v
44100;37,229;1641798,9;1642284.0;2645.0;61;r;;venire;v e n i r e;;;;;;;;vibrante;alveolare;sonora
44100;37,275;1643827,5;1644930.0;2204.0;61;e;;venire;v e n i r e;;;;;;;;medio-alta;anteriore;v
44100;37,378;1648369,8;1647135.0;3527.0;62;a;;a;a;;;;;;;;bassa;centrale;v
44100;37,515;1654411,5;1650663.0;6173.0;63;k;;cavalcare;k a v a l k a r e;;;;;;;;occlusiva;velare;sorda
44100;37,573;1656969,3;1656837.0;3968.0;63;a;;cavalcare;k a v a l k a r e;;;;;;;;bassa;centrale;v
44100;37,653;1660497,3;1660806.0;1763.0;63;v;;cavalcare;k a v a l k a r e;;;;;;;;fricativa;labiodentale;sonora
44100;37,699;1662525,9;1662570.0;2204.0;63;a;;cavalcare;k a v a l k a r e;;;;;;;;bassa;centrale;v
44100;37,748;1664686,8;1664775.0;3086.0;63;l;;cavalcare;k a v a l k a r e;;;;;;;;laterale;alveolare;sonora
44100;37,957;1673903,7;1667862.0;7055.0;63;k;;cavalcare;k a v a l k a r e;;;;;;;;occlusiva;velare;sorda
44100;37,983;1675050,3;1674918.0;9260.0;63;a;;cavalcare;k a v a l k a r e;;;;;;;;bassa;centrale;v
44100;38,131;1681577,1;1684179.0;2204.0;63;r;;cavalcare;k a v a l k a r e;;;;;;;;vibrante;alveolare;sonora
44100;38,243;1686516,3;;;63;e;;cavalcare;k a v a l k a r e;;;;;;;;medio-alta;anteriore;v
44100;38,351;1691279,1;;;-1;<p:>;;;;;;;;;;;;;
44100;38,232;1686031,2;1686384.0;6173.0;64;i;;Il;i l;;;;;;;;alta;anteriore;v
44100;39,272;1731895,2;1692558.0;3086.0;64;l;;Il;i l;;;;;;;;laterale;alveolare;sonora
44100;39,503;1742082,3;1728279.0;3527.0;65;p;;piccolo;p i kk o l o;;;;;;;;occlusiva;bilabiale;sorda
44100;39,614;1746977,4;1731807.0;6614.0;65;i;;piccolo;p i kk o l o;;;;;;;;alta;anteriore;v
44100;39,689;1750284,9;1738422.0;14552.0;65;kk;;piccolo;p i kk o l o;;;;;;;;occlusiva;velare;sorda
44100;39,755;1753195,5;1752975.0;2645.0;65;o;;piccolo;p i kk o l o;;;;;;;;medio-alta;posteriore;v
44100;39,823;1756194,3;1755621.0;6173.0;65;l;;piccolo;p i kk o l o;;;;;;;;laterale;alveolare;sonora
44100;39,936;1761177,6;1761795.0;1763.0;65;o;;piccolo;p i kk o l o;;;;;;;;medio-alta;posteriore;v
44100;39,968;1762588,8;1763559.0;4409.0;66;r;;ragno;r a JJ o;;;;;;;;vibrante;alveolare;sonora
44100;40,05;1766205;1767969.0;1763.0;66;a;;ragno;r a JJ o;;;;;;;;bassa;centrale;v
44100;40,151;1770659,1;1769733.0;8819.0;66;JJ;;ragno;r a JJ o;;;;;;;;nasale;palatale;sonora
44100;40,34;1778994;1778553.0;3527.0;66;o;;ragno;r a JJ o;;;;;;;;medio-alta;posteriore;v
44100;40,426;1782786,6;;;-1;<p:>;;;;;;;;;;;;;
44100;40,788;1798750,8;1782081.0;18080.0;67;t;;tesse;t E ss e;;;;;;;;occlusiva;alveolare;sorda
44100;40,832;1800691,2;1800162.0;7055.0;67;E;;tesse;t E ss e;;;;;;;;medio-bassa;anteriore;v
44100;40,963;1806468,3;1807218.0;9701.0;67;ss;;tesse;t E ss e;;;;;;;;fricativa;alveolare;sorda
44100;41,174;1815773,4;1816920.0;3086.0;67;e;;tesse;t E ss e;;;;;;;;medio-alta;anteriore;v
44100;41,268;1819918,8;1820007.0;1322.0;68;E;;e;E;;;;;;;;medio-bassa;anteriore;v
44100;41,456;1828209,6;1821330.0;7496.0;69;t;;tace;t a tS e;;;;;;;;occlusiva;alveolare;sorda
44100;41,481;1829312,1;1828827.0;6614.0;69;a;;tace;t a tS e;;;;;;;;bassa;centrale;v
44100;41,689;1838484,9;1835442.0;8378.0;69;tS;;tace;t a tS e;;;;;;;;affricata;postalveolare;sorda
44100;41,803;1843512,3;1843821.0;5291.0;69;e;;tace;t a tS e;;;;;;;;medio-alta;anteriore;v
44100;41,909;1848186,9;1849113.0;60857.0;-1;<p:>;;;;;;;;;;;;;
44100;43,36;1912176;1913058.0;4850.0;70;a;;Arriva;a rr i v a;;;;;;;;bassa;centrale;v
44100;43,486;1917732,6;1917909.0;6173.0;70;r;;Arriva;a rr i v a;;;;;;;;vibrante;alveolare;sonora
44100;43,605;1922980,5;1924083.0;7496.0;70;i;;Arriva;a rr i v a;;;;;;;;alta;anteriore;v
44100;43,763;1929948,3;1931580.0;1322.0;70;v;;Arriva;a rr i v a;;;;;;;;fricativa;labiodentale;sonora
44100;43,827;1932770,7;1932903.0;3968.0;70;a;;Arriva;a rr i v a;;;;;;;;bassa;centrale;v
44100;43,923;1937004,3;1936872.0;2204.0;71;l;;la;l a;;;;;;;;laterale;alveolare;sonora
44100;43,96;1938636;1939077.0;3527.0;71;a;;la;l a;;;;;;;;bassa;centrale;v
44100;44,047;1942472,7;1942605.0;3968.0;72;m;;mucca;m u kk a;;;;;;;;nasale;bilabiale;sonora
44100;44,183;1948470,3;1946574.0;7496.0;72;u;;mucca;m u kk a;;;;;;;;alta;posteriore;v
44100;44,53;1963773;1954071.0;10583.0;72;kk;;mucca;m u kk a;;;;;;;;occlusiva;velare;sorda
44100;44,552;1964743,2;1964655.0;8819.0;72;a;;mucca;m u kk a;;;;;;;;bassa;centrale;v
44100;44,686;1970652,6;1973475.0;19844.0;-1;<p:>;;;;;;;;;;;;;
44100;45,256;1995789,6;1996848.0;1322.0;73;E;;e;E;;;;;;;;medio-bassa;anteriore;v
44100;45,318;1998523,8;1998171.0;1763.0;74;L;;gli;L i;;;;;;;;approssimante laterale;velare;sonora
44100;45,43;2003463;1999935.0;7055.0;74;i;;gli;L i;;;;;;;;alta;anteriore;v
44100;45,517;2007299,7;2006991.0;1322.0;75;d;;dice;d i tS e;;;;;;;;occlusiva;alveolare;sonora
44100;45,535;2008093,5;2008314.0;7937.0;75;i;;dice;d i tS e;;;;;;;;alta;anteriore;v
44100;45,69;2014929;2016252.0;3086.0;75;tS;;dice;d i tS e;;;;;;;;affricata;postalveolare;sorda
44100;45,778;2018809,8;2019339.0;8378.0;75;e;;dice;d i tS e;;;;;;;;medio-alta;anteriore;v
44100;45,926;2025336,6;2027718.0;16757.0;-1;<p:>;;;;;;;;;;;;;
44100;46,355;2044255,5;2044476.0;1763.0;76;m;;<<Muuu;m u u u;;;;;;;;nasale;bilabiale;sonora
44100;46,407;2046548,7;2046240.0;8819.0;76;u;;<<Muuu;m u u u;;;;;;;;alta;posteriore;v
44100;47,24;2083284;2085048.0;19844.0;-1;<p:>;;;;;;;;;;;;;
44100;47,72;2104452;2104893.0;2645.0;77;m;;Muuu;m u u u;;;;;;;;nasale;bilabiale;sonora
44100;47,79;2107539;2107539.0;7496.0;77;u;;Muuu;m u u u;;;;;;;;alta;posteriore;v
44100;48,524;2139908,4;2142378.0;18080.0;-1;<p:>;;;;;;;;;;;;;
44100;49,001;2160944,1;2160459.0;3086.0;78;v;;Vuoi;v w O i;;;;;;;;fricativa;labiodentale;sonora
44100;49,057;2163413,7;2163546.0;1322.0;78;w;;Vuoi;v w O i;;;;;;;;approssimante;labio-velare;sonora
44100;49,086;2164692,6;2164869.0;2204.0;78;O;;Vuoi;v w O i;;;;;;;;medio-bassa;posteriore;v
44100;49,129;2166588,9;2167074.0;1322.0;78;i;;Vuoi;v w O i;;;;;;;;alta;anteriore;v
44100;49,177;2168705,7;2168397.0;3527.0;79;m;;mangiare;m a n dZ a r e;;;;;;;;nasale;bilabiale;sonora
44100;49,24;2171484;2171925.0;2645.0;79;a;;mangiare;m a n dZ a r e;;;;;;;;bassa;centrale;v
44100;49,293;2173821,3;2174571.0;4850.0;79;n;;mangiare;m a n dZ a r e;;;;;;;;nasale;alveolare;sonora
44100;49,387;2177966,7;2179422.0;2645.0;79;dZ;;mangiare;m a n dZ a r e;;;;;;;;affricata;postalveolare;sonora
44100;49,466;2181450,6;2182068.0;7937.0;79;a;;mangiare;m a n dZ a r e;;;;;;;;bassa;centrale;v
44100;49,599;2187315,9;2190006.0;1763.0;79;r;;mangiare;m a n dZ a r e;;;;;;;;vibrante;alveolare;sonora
44100;49,71;2192211;2191770.0;2645.0;79;e;;mangiare;m a n dZ a r e;;;;;;;;medio-alta;anteriore;v
44100;49,76;2194416;2194416.0;3968.0;80;u;;un;u n;;;;;;;;alta;posteriore;v
44100;49,82;2197062;2198385.0;3968.0;80;N;;un;u n;;;;;;;;;;
44100;49,964;2203412,4;2202354.0;1763.0;81;p;;po';p o;;;;;;;;occlusiva;bilabiale;sorda
44100;49,988;2204470,8;2204118.0;3527.0;81;o;;po';p o;;;;;;;;medio-alta;posteriore;v
44100;50,096;2209233,6;2207646.0;3086.0;82;d;;di;d i;;;;;;;;occlusiva;alveolare;sonora
44100;50,126;2210556,6;2210733.0;7055.0;82;i;;di;d i;;;;;;;;alta;anteriore;v
44100;50,215;2214481,5;2217789.0;1763.0;83;f;;fieno;f j E n o;;;;;;;;fricativa;labiodentale;sorda
44100;50,329;2219508,9;2219553.0;3527.0;83;j;;fieno;f j E n o;;;;;;;;approssimante;palatale;sonora
44100;50,407;2222948,7;2223081.0;4850.0;83;E;;fieno;f j E n o;;;;;;;;medio-bassa;anteriore;v
44100;50,492;2226697,2;2227932.0;2204.0;83;n;;fieno;f j E n o;;;;;;;;nasale;alveolare;sonora
44100;50,572;2230225,2;2230137.0;1763.0;83;o;;fieno;f j E n o;;;;;;;;medio-alta;posteriore;v
44100;50,609;2231856,9;2231901.0;1322.0;84;E;;e;E;;;;;;;;medio-bassa;anteriore;v
44100;50,79;2239839;2233224.0;1322.0;85;d;;di;d i;;;;;;;;occlusiva;alveolare;sonora
44100;50,811;2240765,1;2234547.0;5732.0;85;i;;di;d i;;;;;;;;alta;anteriore;v
44100;50,87;2243367;2244249.0;3527.0;86;a;;avena;a v e n a;;;;;;;;bassa;centrale;v
44100;50,934;2246189,4;2247777.0;2645.0;86;v;;avena;a v e n a;;;;;;;;fricativa;labiodentale;sonora
44100;51,032;2250511,2;2250423.0;7937.0;86;e;;avena;a v e n a;;;;;;;;medio-alta;anteriore;v
44100;51,196;2257743,6;2258361.0;2204.0;86;n;;avena;a v e n a;;;;;;;;nasale;alveolare;sonora
44100;51,265;2260786,5;2260566.0;8378.0;86;a;;avena;a v e n a;;;;;;;;bassa;centrale;v
44100;51,395;2266519,5;2268945.0;34838.0;-1;<p:>;;;;;;;;;;;;;
44100;52,269;2305062,9;2307312.0;5732.0;87;i;;Il;i l;;;;;;;;alta;anteriore;v
44100;52,376;2309781,6;2313045.0;1322.0;87;l;;Il;i l;;;;;;;;laterale;alveolare;sonora
44100;52,529;2316528,9;2314368.0;2645.0;88;p;;piccolo;p i kk o l o;;;;;;;;occlusiva;bilabiale;sorda
44100;52,549;2317410,9;2317014.0;2204.0;88;i;;piccolo;p i kk o l o;;;;;;;;alta;anteriore;v
44100;52,704;2324246,4;2319219.0;8378.0;88;kk;;piccolo;p i kk o l o;;;;;;;;occlusiva;velare;sorda
44100;52,78;2327598;2327598.0;2645.0;88;o;;piccolo;p i kk o l o;;;;;;;;medio-alta;posteriore;v
44100;52,849;2330640,9;2330244.0;3086.0;88;l;;piccolo;p i kk o l o;;;;;;;;laterale;alveolare;sonora
44100;52,891;2332493,1;2333331.0;1763.0;88;o;;piccolo;p i kk o l o;;;;;;;;medio-alta;posteriore;v
44100;52,908;2333242,8;2335095.0;4409.0;89;r;;ragno;r a JJ o;;;;;;;;vibrante;alveolare;sonora
44100;53;2337300;2339505.0;5732.0;89;a;;ragno;r a JJ o;;;;;;;;bassa;centrale;v
44100;53,207;2346428,7;2345238.0;10142.0;89;JJ;;ragno;r a JJ o;;;;;;;;nasale;palatale;sonora
44100;53,417;2355689,7;2355381.0;2645.0;89;o;;ragno;r a JJ o;;;;;;;;medio-alta;posteriore;v
44100;53,96;2379636;2358027.0;22931.0;90;t;;tesse;t E ss e;;;;;;;;occlusiva;alveolare;sorda
44100;53,996;2381223,6;2380959.0;9260.0;90;E;;tesse;t E ss e;;;;;;;;medio-bassa;anteriore;v
44100;54,132;2387221,2;2390220.0;10583.0;90;ss;;tesse;t E ss e;;;;;;;;fricativa;alveolare;sorda
44100;54,433;2400495,3;2400804.0;3968.0;90;e;;tesse;t E ss e;;;;;;;;medio-alta;anteriore;v
44100;54,513;2404023,3;2404773.0;10142.0;-1;<p:>;;;;;;;;;;;;;
44100;54,781;2415842,1;2422413.0;1322.0;91;E;;e;E;;;;;;;;medio-bassa;anteriore;v
44100;55,048;2427616,8;2426823.0;1322.0;92;t;;tace;t a tS e;;;;;;;;occlusiva;alveolare;sorda
44100;55,065;2428366,5;2428146.0;4850.0;92;a;;tace;t a tS e;;;;;;;;bassa;centrale;v
44100;55,218;2435113,8;2432997.0;9701.0;92;tS;;tace;t a tS e;;;;;;;;affricata;postalveolare;sorda
44100;55,39;2442699;2442699.0;2204.0;92;e;;tace;t a tS e;;;;;;;;medio-alta;anteriore;v
44100;55,457;2445653,7;2444904.0;59975.0;-1;<p:>;;;;;;;;;;;;;
44100;56,854;2507261,4;2509731.0;3086.0;93;a;;Arriva;a rr i v a;;;;;;;;bassa;centrale;v
44100;56,965;2512156,5;2512818.0;4409.0;93;r;;Arriva;a rr i v a;;;;;;;;vibrante;alveolare;sonora
44100;57,1;2518110;2517228.0;6173.0;93;i;;Arriva;a rr i v a;;;;;;;;alta;anteriore;v
44100;57,168;2521108,8;2523402.0;1763.0;93;v;;Arriva;a rr i v a;;;;;;;;fricativa;labiodentale;sonora
44100;57,266;2525430,6;2525166.0;3968.0;93;a;;Arriva;a rr i v a;;;;;;;;bassa;centrale;v
44100;57,347;2529002,7;2529135.0;1763.0;94;l;;la;l a;;;;;;;;laterale;alveolare;sonora
44100;57,396;2531163,6;2530899.0;3968.0;94;a;;la;l a;;;;;;;;bassa;centrale;v
44100;57,389;2530854,9;2534868.0;3968.0;95;p;;pecora;p E k o r a;;;;;;;;occlusiva;bilabiale;sorda
44100;57,583;2539410,3;2538837.0;7937.0;95;E;;pecora;p E k o r a;;;;;;;;medio-bassa;anteriore;v
44100;57,843;2550876,3;2546775.0;4850.0;95;k;;pecora;p E k o r a;;;;;;;;occlusiva;velare;sorda
44100;57,87;2552067;2551626.0;3086.0;95;o;;pecora;p E k o r a;;;;;;;;medio-alta;posteriore;v
44100;58,984;2601194,4;2554713.0;2645.0;95;r;;pecora;p E k o r a;;;;;;;;vibrante;alveolare;sonora
44100;57,982;2557006,2;2557359.0;7055.0;95;a;;pecora;p E k o r a;;;;;;;;bassa;centrale;v
44100;58,119;2563047,9;2564415.0;11465.0;-1;<p:>;;;;;;;;;;;;;
44100;58,469;2578482,9;2579850.0;1322.0;96;E;;e;E;;;;;;;;medio-bassa;anteriore;v
44100;58,517;2580599,7;2581173.0;4409.0;97;L;;gli;L i;;;;;;;;approssimante laterale;velare;sonora
44100;58,641;2586068,1;2585583.0;3527.0;97;i;;gli;L i;;;;;;;;alta;anteriore;v
44100;58,749;2590830,9;2589111.0;1763.0;98;d;;dice;d i tS e;;;;;;;;occlusiva;alveolare;sonora
44100;58,776;2592021,6;2590875.0;7496.0;98;i;;dice;d i tS e;;;;;;;;alta;anteriore;v
44100;58,885;2596828,5;2598372.0;3527.0;98;tS;;dice;d i tS e;;;;;;;;affricata;postalveolare;sorda
44100;50,005;2205220,5;2601900.0;8378.0;98;e;;dice;d i tS e;;;;;;;;medio-alta;anteriore;v
44100;59,16;2608956;2610279.0;16316.0;-1;<p:>;;;;;;;;;;;;;
44100;59,56;2626596;2626596.0;4409.0;99;b;;<<Beee;b e e e;;;;;;;;occlusiva;bilabiale;sonora
44100;59,645;2630344,5;2631006.0;11024.0;99;e;;<<Beee;b e e e;;;;;;;;medio-alta;anteriore;v
44100;59,803;2637312,3;2642031.0;6614.0;99;e;;<<Beee;b e e e;;;;;;;;medio-alta;anteriore;v
44100;59,893;2641281,3;2648646.0;4409.0;99;e;;<<Beee;b e e e;;;;;;;;medio-alta;anteriore;v
44100;60,128;2651644,8;2653056.0;12788.0;-1;<p:>;;;;;;;;;;;;;
44100;60,455;2666065,5;2665845.0;5732.0;100;b;;Beee;b E e;;;;;;;;occlusiva;bilabiale;sonora
44100;60,557;2670563,7;2671578.0;12347.0;100;E;;Beee;b E e;;;;;;;;medio-bassa;anteriore;v
44100;60,831;2682647,1;2683926.0;4409.0;100;e;;Beee;b E e;;;;;;;;medio-alta;anteriore;v
44100;61,321;2704256,1;2707740.0;1322.0;101;a;;Andiamo;a n d j a m o;;;;;;;;bassa;centrale;v
44100;61,456;2710209,6;2709063.0;4409.0;101;n;;Andiamo;a n d j a m o;;;;;;;;nasale;alveolare;sonora
44100;61,551;2714399,1;2713473.0;1763.0;101;d;;Andiamo;a n d j a m o;;;;;;;;occlusiva;alveolare;sonora
44100;61,588;2716030,8;2715237.0;2204.0;101;j;;Andiamo;a n d j a m o;;;;;;;;approssimante;palatale;sonora
44100;61,629;2717838,9;2717442.0;7055.0;101;a;;Andiamo;a n d j a m o;;;;;;;;bassa;centrale;v
44100;61,78;2724498;2724498.0;5291.0;101;m;;Andiamo;a n d j a m o;;;;;;;;nasale;bilabiale;sonora
44100;61,849;2727540,9;2724498.0;;101;o;;Andiamo;a n d j a m o;;;;;;;;medio-alta;posteriore;v
44100;61,899;2729745,9;2729790.0;1763.0;102;i;;insieme;i n s j E m e;;;;;;;;alta;anteriore;v
44100;61,942;2731642,2;2731554.0;4409.0;102;n;;insieme;i n s j E m e;;;;;;;;nasale;alveolare;sonora
44100;62,038;2735875,8;2735964.0;4409.0;102;s;;insieme;i n s j E m e;;;;;;;;fricativa;alveolare;sorda
44100;62,144;2740550,4;2740374.0;1322.0;102;j;;insieme;i n s j E m e;;;;;;;;approssimante;palatale;sonora
44100;62,168;2741608,8;2741697.0;2204.0;102;E;;insieme;i n s j E m e;;;;;;;;medio-bassa;anteriore;v
44100;62,22;2743902;2743902.0;3086.0;102;m;;insieme;i n s j E m e;;;;;;;;nasale;bilabiale;sonora
44100;62,288;2746900,8;2746989.0;4850.0;102;e;;insieme;i n s j E m e;;;;;;;;medio-alta;anteriore;v
44100;62,415;2752501,5;2751840.0;1322.0;103;p;;per;p e r;;;;;;;;occlusiva;bilabiale;sorda
44100;62,437;2753471,7;2753163.0;3527.0;103;e;;per;p e r;;;;;;;;medio-alta;anteriore;v
44100;62,511;2756735,1;2756691.0;5732.0;103;r;;per;p e r;;;;;;;;vibrante;alveolare;sonora
44100;62,658;2763217,8;2762424.0;1763.0;104;p;;prati;p r a t i;;;;;;;;occlusiva;bilabiale;sorda
44100;62,679;2764143,9;2764188.0;3086.0;104;r;;prati;p r a t i;;;;;;;;vibrante;alveolare;sonora
44100;62,737;2766701,7;2767275.0;10142.0;104;a;;prati;p r a t i;;;;;;;;bassa;centrale;v
44100;63,027;2779490,7;2777418.0;2645.0;104;t;;prati;p r a t i;;;;;;;;occlusiva;alveolare;sorda
44100;63,05;2780505;2780064.0;10142.0;104;i;;prati;p r a t i;;;;;;;;alta;anteriore;v
44100;63,193;2786811,3;2790207.0;31310.0;-1;<p:>;;;;;;;;;;;;;
44100;64,032;2823811,2;2824164.0;5291.0;105;i;;Il;i l;;;;;;;;alta;anteriore;v
44100;64,146;2828838,6;2829456.0;3086.0;105;l;;Il;i l;;;;;;;;laterale;alveolare;sonora
44100;64,292;2835277,2;2832543.0;3527.0;106;p;;piccolo;p i kk o l o;;;;;;;;occlusiva;bilabiale;sorda
44100;64,326;2836776,6;2836071.0;7055.0;106;i;;piccolo;p i kk o l o;;;;;;;;alta;anteriore;v
44100;64,56;2847096;2843127.0;7496.0;106;kk;;piccolo;p i kk o l o;;;;;;;;occlusiva;velare;sorda
44100;64,64;2850624;2850624.0;3086.0;106;o;;piccolo;p i kk o l o;;;;;;;;medio-alta;posteriore;v
44100;64,709;2853666,9;2853711.0;7055.0;106;l;;piccolo;p i kk o l o;;;;;;;;laterale;alveolare;sonora
44100;64,864;2860502,4;2860767.0;1763.0;106;o;;piccolo;p i kk o l o;;;;;;;;medio-alta;posteriore;v
44100;64,894;2861825,4;2862531.0;5291.0;107;r;;ragno;r a JJ o;;;;;;;;vibrante;alveolare;sonora
44100;64,969;2865132,9;2867823.0;1322.0;107;a;;ragno;r a JJ o;;;;;;;;bassa;centrale;v
44100;65,066;2869410,6;2869146.0;7496.0;107;JJ;;ragno;r a JJ o;;;;;;;;nasale;palatale;sonora
44100;65,253;2877657,3;2876643.0;5732.0;107;o;;ragno;r a JJ o;;;;;;;;medio-alta;posteriore;v
44100;65,419;2884977,9;2882376.0;4850.0;108;t;;tesse;t E ss e;;;;;;;;occlusiva;alveolare;sorda
44100;65,466;2887050,6;2887227.0;7496.0;108;E;;tesse;t E ss e;;;;;;;;medio-bassa;anteriore;v
44100;65,623;2893974,3;2894724.0;8819.0;108;ss;;tesse;t E ss e;;;;;;;;fricativa;alveolare;sorda
44100;65,826;2902926,6;2903544.0;1763.0;108;e;;tesse;t E ss e;;;;;;;;medio-alta;anteriore;v
44100;65,876;2905131,6;2907954.0;1763.0;109;E;;e;E;;;;;;;;medio-bassa;anteriore;v
44100;66,067;2913554,7;2909718.0;5732.0;110;t;;tace;t a tS e;;;;;;;;occlusiva;alveolare;sorda
44100;66,099;2914965,9;2915451.0;6173.0;110;a;;tace;t a tS e;;;;;;;;bassa;centrale;v
44100;66,239;2921139,9;2921625.0;8378.0;110;tS;;tace;t a tS e;;;;;;;;affricata;postalveolare;sorda
44100;66,433;2929695,3;2930004.0;5732.0;110;e;;tace;t a tS e;;;;;;;;medio-alta;anteriore;v
44100;66,553;2934987,3;2935737.0;58211.0;-1;<p:>;;;;;;;;;;;;;
44100;67,936;2995977,6;2997918.0;1763.0;111;a;;Arriva;a rr i v a;;;;;;;;bassa;centrale;v
44100;68,015;2999461,5;2999682.0;4409.0;111;r;;Arriva;a rr i v a;;;;;;;;vibrante;alveolare;sonora
44100;68,105;3003430,5;3004092.0;5732.0;111;i;;Arriva;a rr i v a;;;;;;;;alta;anteriore;v
44100;68,225;3008722,5;3009825.0;1763.0;111;v;;Arriva;a rr i v a;;;;;;;;fricativa;labiodentale;sonora
44100;68,286;3011412,6;3011589.0;3527.0;111;a;;Arriva;a rr i v a;;;;;;;;bassa;centrale;v
44100;68,363;3014808,3;3015117.0;1763.0;112;l;;la;l a;;;;;;;;laterale;alveolare;sonora
44100;68,423;3017454,3;3016881.0;3527.0;112;a;;la;l a;;;;;;;;bassa;centrale;v
44100;68,561;3023540,1;3020409.0;4409.0;113;k;;capra;k a p r a;;;;;;;;occlusiva;velare;sorda
44100;68,586;3024642,6;3024819.0;8819.0;113;a;;capra;k a p r a;;;;;;;;bassa;centrale;v
44100;68,86;3036726;3033639.0;3527.0;113;p;;capra;k a p r a;;;;;;;;occlusiva;bilabiale;sorda
44100;68,886;3037872,6;3037167.0;3527.0;113;r;;capra;k a p r a;;;;;;;;vibrante;alveolare;sonora
44100;68,964;3041312,4;3040695.0;3968.0;113;a;;capra;k a p r a;;;;;;;;bassa;centrale;v
44100;69,026;3044046,6;3044664.0;22931.0;-1;<p:>;;;;;;;;;;;;;
44100;69,604;3069536,4;3070242.0;1322.0;114;E;;e;E;;;;;;;;medio-bassa;anteriore;v
44100;69,641;3071168,1;3071565.0;2645.0;115;L;;gli;L i;;;;;;;;approssimante laterale;velare;sonora
44100;69,789;3077694,9;3074211.0;6173.0;115;i;;gli;L i;;;;;;;;alta;anteriore;v
44100;69,892;3082237,2;3080385.0;2645.0;116;d;;dice;d i tS e;;;;;;;;occlusiva;alveolare;sonora
44100;69,897;3082457,7;3083031.0;7496.0;116;i;;dice;d i tS e;;;;;;;;alta;anteriore;v
44100;70,069;3090042,9;3090528.0;3968.0;116;tS;;dice;d i tS e;;;;;;;;affricata;postalveolare;sorda
44100;70,161;3094100,1;3094497.0;7937.0;116;e;;dice;d i tS e;;;;;;;;medio-alta;anteriore;v
44100;70,304;3100406,4;3102435.0;14552.0;-1;<p:>;;;;;;;;;;;;;
44100;70,688;3117340,8;3116988.0;3968.0;117;m;;Meee;m e e e;;;;;;;;nasale;bilabiale;sonora
44100;70,777;3121265,7;3120957.0;10583.0;117;e;;Meee;m e e e;;;;;;;;medio-alta;anteriore;v
44100;70,998;3131011,8;3131541.0;3086.0;117;e;;Meee;m e e e;;;;;;;;medio-alta;anteriore;v
44100;71,073;3134319,3;3134628.0;7937.0;117;e;;Meee;m e e e;;;;;;;;medio-alta;anteriore;v
44100;71,298;3144241,8;3142566.0;11906.0;-1;<p:>;;;;;;;;;;;;;
44100;71,542;3155002,2;3154473.0;6614.0;118;m;;Meee;m E e;;;;;;;;nasale;bilabiale;sonora
44100;71,674;3160823,4;3161088.0;1763.0;118;E;;Meee;m E e;;;;;;;;medio-bassa;anteriore;v
44100;71,726;3163116,6;3162852.0;17639.0;118;e;;Meee;m E e;;;;;;;;medio-alta;anteriore;v
44100;72,074;3178463,4;3180492.0;2204.0;-1;<p:>;;;;;;;;;;;;;
44100;72,704;3206246,4;3182697.0;25577.0;119;f;;Facciamo;f a ttS a m o;;;;;;;;fricativa;labiodentale;sorda
44100;72,749;3208230,9;3208275.0;6173.0;119;a;;Facciamo;f a ttS a m o;;;;;;;;bassa;centrale;v
44100;72,834;3211979,4;3214449.0;3086.0;119;ttS;;Facciamo;f a ttS a m o;;;;;;;;affricata;postalveolare;sorda
44100;72,963;3217668,3;3217536.0;7496.0;119;a;;Facciamo;f a ttS a m o;;;;;;;;bassa;centrale;v
44100;73,088;3223180,8;3225033.0;2645.0;119;m;;Facciamo;f a ttS a m o;;;;;;;;nasale;bilabiale;sonora
44100;73,192;3227767,2;3227679.0;3527.0;119;O;;Facciamo;f a ttS a m o;;;;;;;;medio-bassa;posteriore;v
44100;73,258;3230677,8;3231207.0;1763.0;120;k;;chi;k i;;;;;;;;occlusiva;velare;sorda
44100;73,314;3233147,4;3232971.0;6173.0;120;i;;chi;k i;;;;;;;;alta;anteriore;v
44100;73,418;3237733,8;3239145.0;3086.0;121;ss;;salta;s a l t a;;;;;;;;fricativa;alveolare;sorda
44100;73,515;3242011,5;3242232.0;3527.0;121;a;;salta;s a l t a;;;;;;;;bassa;centrale;v
44100;73,608;3246112,8;3245760.0;3527.0;121;l;;salta;s a l t a;;;;;;;;laterale;alveolare;sonora
44100;73,719;3251007,9;3249288.0;2645.0;121;t;;salta;s a l t a;;;;;;;;occlusiva;alveolare;sorda
44100;73,743;3252066,3;3251934.0;3086.0;121;a;;salta;s a l t a;;;;;;;;bassa;centrale;v
44100;73,835;3256123,5;3255021.0;2204.0;122;d;;di;d i;;;;;;;;occlusiva;alveolare;sonora
44100;73,867;3257534,7;3257226.0;4850.0;122;i;;di;d i;;;;;;;;alta;anteriore;v
44100;73,986;3262782,6;3262077.0;1763.0;123;p;;piÃ¹;p i u;;;;;;;;occlusiva;bilabiale;sorda
44100;74,023;3264414,3;3263841.0;4409.0;123;i;;piÃ¹;p i u;;;;;;;;alta;anteriore;v
44100;74,135;3269353,5;3268251.0;11465.0;123;u;;piÃ¹;p i u;;;;;;;;alta;posteriore;v
44100;74,348;3278746,8;3279717.0;30428.0;-1;<p:>;;;;;;;;;;;;;
44100;75,141;3313718,1;3314115.0;7937.0;124;i;;Il;i l;;;;;;;;alta;anteriore;v
44100;75,219;3317157,9;3322053.0;1322.0;124;l;;Il;i l;;;;;;;;laterale;alveolare;sonora
44100;75,384;3324434,4;3323376.0;1763.0;125;p;;piccolo;p i kk o l o;;;;;;;;occlusiva;bilabiale;sorda
44100;75,417;3325889,7;3325140.0;7496.0;125;i;;piccolo;p i kk o l o;;;;;;;;alta;anteriore;v
44100;75,704;3338546,4;3332637.0;7055.0;125;kk;;piccolo;p i kk o l o;;;;;;;;occlusiva;velare;sorda
44100;75,726;3339516,6;3339693.0;2204.0;125;o;;piccolo;p i kk o l o;;;;;;;;medio-alta;posteriore;v
44100;75,777;3341765,7;3341898.0;3527.0;125;l;;piccolo;p i kk o l o;;;;;;;;laterale;alveolare;sonora
44100;75,838;3344455,8;3345426.0;1763.0;125;o;;piccolo;p i kk o l o;;;;;;;;medio-alta;posteriore;v
44100;75,899;3347145,9;3347190.0;4409.0;126;r;;ragno;r a JJ o;;;;;;;;vibrante;alveolare;sonora
44100;76,024;3352658,4;3351600.0;7055.0;126;a;;ragno;r a JJ o;;;;;;;;bassa;centrale;v
44100;76,147;3358082,7;3358656.0;11465.0;126;JJ;;ragno;r a JJ o;;;;;;;;nasale;palatale;sonora
44100;76,43;3370563;3370122.0;3086.0;126;o;;ragno;r a JJ o;;;;;;;;medio-alta;posteriore;v
44100;76,506;3373914,6;3373209.0;2204.0;-1;<p:>;;;;;;;;;;;;;
44100;76,817;3387629,7;3375414.0;12788.0;127;t;;tesse;t E ss e;;;;;;;;occlusiva;alveolare;sorda
44100;76,849;3389040,9;3388203.0;9260.0;127;E;;tesse;t E ss e;;;;;;;;medio-bassa;anteriore;v
44100;76,998;3395611,8;3397464.0;11465.0;127;ss;;tesse;t E ss e;;;;;;;;fricativa;alveolare;sorda
44100;77,293;3408621,3;3408930.0;3086.0;127;e;;tesse;t E ss e;;;;;;;;medio-alta;anteriore;v
44100;77,585;3421498,5;3427011.0;1322.0;128;E;;e;E;;;;;;;;medio-bassa;anteriore;v
44100;77,836;3432567,6;3428334.0;5291.0;129;t;;tace;t a tS e;;;;;;;;occlusiva;alveolare;sorda
44100;77,875;3434287,5;3433626.0;7937.0;129;a;;tace;t a tS e;;;;;;;;bassa;centrale;v
44100;78,016;3440505,6;3441564.0;8819.0;129;tS;;tace;t a tS e;;;;;;;;affricata;postalveolare;sorda
44100;78,226;3449766,6;3450384.0;4850.0;129;e;;tace;t a tS e;;;;;;;;medio-alta;anteriore;v
44100;78,336;3454617,6;3455235.0;29987.0;-1;<p:>;;;;;;;;;;;;;
44100;79,557;3508463,7;3509919.0;3527.0;130;a;;Arriva;a rr i v a;;;;;;;;bassa;centrale;v
44100;79,673;3513579,3;3513447.0;4409.0;130;r;;Arriva;a rr i v a;;;;;;;;vibrante;alveolare;sonora
44100;79,784;3518474,4;3517857.0;7496.0;130;i;;Arriva;a rr i v a;;;;;;;;alta;anteriore;v
44100;79,884;3522884,4;3525354.0;2645.0;130;v;;Arriva;a rr i v a;;;;;;;;fricativa;labiodentale;sonora
44100;80,004;3528176,4;3528000.0;2645.0;130;a;;Arriva;a rr i v a;;;;;;;;bassa;centrale;v
44100;80,053;3530337,3;;;131;i;;il;i l;;;;;;;;alta;anteriore;v
44100;80,103;3532542,3;3530646.0;4850.0;131;l;;il;i l;;;;;;;;laterale;alveolare;sonora
44100;80,177;3535805,7;3535497.0;5291.0;132;m;;maiale;m a j a l e;;;;;;;;nasale;bilabiale;sonora
44100;80,275;3540127,5;3540789.0;2204.0;132;a;;maiale;m a j a l e;;;;;;;;bassa;centrale;v
44100;80,348;3543346,8;3542994.0;4850.0;132;j;;maiale;m a j a l e;;;;;;;;approssimante;palatale;sonora
44100;80,528;3551284,8;3547845.0;13229.0;132;a;;maiale;m a j a l e;;;;;;;;bassa;centrale;v
44100;80,748;3560986,8;3561075.0;6173.0;132;l;;maiale;m a j a l e;;;;;;;;laterale;alveolare;sonora
44100;80,817;3564029,7;3567249.0;3527.0;132;e;;maiale;m a j a l e;;;;;;;;medio-alta;anteriore;v
44100;80,94;3569454;3570777.0;8819.0;-1;<p:>;;;;;;;;;;;;;
44100;81,219;3581757,9;3583125.0;1322.0;133;E;;e;E;;;;;;;;medio-bassa;anteriore;v
44100;81,28;3584448;3584448.0;2204.0;134;L;;gli;L i;;;;;;;;approssimante laterale;velare;sonora
44100;81,39;3589299;3586653.0;6614.0;134;i;;gli;L i;;;;;;;;alta;anteriore;v
44100;81,51;3594591;3593268.0;1763.0;135;d;;dice;d i tS e;;;;;;;;occlusiva;alveolare;sonora
44100;81,574;3597413,4;3595032.0;8378.0;135;i;;dice;d i tS e;;;;;;;;alta;anteriore;v
44100;81,663;3601338,3;3603411.0;3086.0;135;tS;;dice;d i tS e;;;;;;;;affricata;postalveolare;sorda
44100;81,767;3605924,7;3606498.0;9701.0;135;e;;dice;d i tS e;;;;;;;;medio-alta;anteriore;v
44100;81,898;3611701,8;3616200.0;7496.0;-1;<p:>;;;;;;;;;;;;;
44100;82,181;3624182,1;3623697.0;1322.0;136;g;;Gronf;g r o n f;;;;;;;;occlusiva;velare;sonora
44100;82,208;3625372,8;3625020.0;11465.0;136;r;;Gronf;g r o n f;;;;;;;;vibrante;alveolare;sonora
44100;82,324;3630488,4;3636486.0;3086.0;136;o;;Gronf;g r o n f;;;;;;;;medio-alta;posteriore;v
44100;82,485;3637588,5;3639573.0;3527.0;136;n;;Gronf;g r o n f;;;;;;;;nasale;alveolare;sonora
44100;82,594;3642395,4;3643101.0;4409.0;136;f;;Gronf;g r o n f;;;;;;;;fricativa;labiodentale;sorda
44100;82,677;3646055,7;3647511.0;11906.0;-1;<p:>;;;;;;;;;;;;;
44100;83,059;3662901,9;3659418.0;1322.0;137;g;;Gronf;g r o n f;;;;;;;;occlusiva;velare;sonora
44100;83,09;3664269;3660741.0;11465.0;137;r;;Gronf;g r o n f;;;;;;;;vibrante;alveolare;sonora
44100;83,198;3669031,8;3672207.0;3527.0;137;o;;Gronf;g r o n f;;;;;;;;medio-alta;posteriore;v
44100;83,28;3672648;3675735.0;1763.0;137;n;;Gronf;g r o n f;;;;;;;;nasale;alveolare;sonora
44100;83,362;3676264,2;3677499.0;3527.0;137;f;;Gronf;g r o n f;;;;;;;;fricativa;labiodentale;sorda
44100;83,535;3683893,5;3681027.0;27341.0;-1;<p:>;;;;;;;;;;;;;
44100;84,115;3709471,5;3708369.0;1763.0;138;p;;perchÃ©;p e r k e;;;;;;;;occlusiva;bilabiale;sorda
44100;84,145;3710794,5;3710133.0;7055.0;138;e;;perchÃ©;p e r k e;;;;;;;;medio-alta;anteriore;v
44100;84,239;3714939,9;3717189.0;1322.0;138;r;;perchÃ©;p e r k e;;;;;;;;vibrante;alveolare;sonora
44100;84,332;3719041,2;3718512.0;3086.0;138;k;;perchÃ©;p e r k e;;;;;;;;occlusiva;velare;sorda
44100;84,376;3720981,6;3721599.0;4409.0;138;e;;perchÃ©;p e r k e;;;;;;;;medio-alta;anteriore;v
44100;84,505;3726670,5;3726009.0;4409.0;139;n;;non;n O n;;;;;;;;nasale;alveolare;sonora
44100;84,581;3730022,1;3730419.0;1763.0;139;O;;non;n O n;;;;;;;;medio-bassa;posteriore;v
44100;84,63;3732183;3732183.0;3086.0;139;n;;non;n O n;;;;;;;;nasale;alveolare;sonora
44100;84,703;3735402,3;3735270.0;3086.0;140;a;;andiamo;a n d j a m o;;;;;;;;bassa;centrale;v
44100;84,768;3738268,8;3738357.0;2645.0;140;n;;andiamo;a n d j a m o;;;;;;;;nasale;alveolare;sonora
44100;84,901;3744134,1;3741003.0;3086.0;140;d;;andiamo;a n d j a m o;;;;;;;;occlusiva;alveolare;sonora
44100;84,906;3744354,6;3744090.0;2645.0;140;j;;andiamo;a n d j a m o;;;;;;;;approssimante;palatale;sonora
44100;85,002;3748588,2;3746736.0;6173.0;140;a;;andiamo;a n d j a m o;;;;;;;;bassa;centrale;v
44100;85,079;3751983,9;3752910.0;2204.0;140;m;;andiamo;a n d j a m o;;;;;;;;nasale;bilabiale;sonora
44100;85,184;3756614,4;3755115.0;5732.0;140;o;;andiamo;a n d j a m o;;;;;;;;medio-alta;posteriore;v
44100;85,29;3761289;3760848.0;4409.0;142;r;;rotolarci;r o t o l a r tS i;;;;;;;;vibrante;alveolare;sonora
44100;85,372;3764905,2;3765258.0;2204.0;142;o;;rotolarci;r o t o l a r tS i;;;;;;;;medio-alta;posteriore;v
44100;85,467;3769094,7;3767463.0;3527.0;142;t;;rotolarci;r o t o l a r tS i;;;;;;;;occlusiva;alveolare;sorda
44100;85,498;3770461,8;3770991.0;2645.0;142;o;;rotolarci;r o t o l a r tS i;;;;;;;;medio-alta;posteriore;v
44100;85,575;3773857,5;3773637.0;2204.0;142;l;;rotolarci;r o t o l a r tS i;;;;;;;;laterale;alveolare;sonora
44100;85,626;3776106,6;3775842.0;4409.0;142;a;;rotolarci;r o t o l a r tS i;;;;;;;;bassa;centrale;v
44100;85,721;3780296,1;3780252.0;3968.0;142;r;;rotolarci;r o t o l a r tS i;;;;;;;;vibrante;alveolare;sonora
44100;85,827;3784970,7;3784221.0;6173.0;142;tS;;rotolarci;r o t o l a r tS i;;;;;;;;affricata;postalveolare;sorda
44100;85,948;3790306,8;3790395.0;6173.0;142;i;;rotolarci;r o t o l a r tS i;;;;;;;;alta;anteriore;v
44100;86,08;3796128;3796569.0;1322.0;143;n;;nel;n e l;;;;;;;;nasale;alveolare;sonora
44100;86,122;3797980,2;3797892.0;3527.0;143;e;;nel;n e l;;;;;;;;medio-alta;anteriore;v
44100;86,165;3799876,5;3801420.0;2204.0;143;l;;nel;n e l;;;;;;;;laterale;alveolare;sonora
44100;86,271;3804551,1;3803625.0;1763.0;144;p;;prato;p r a t o;;;;;;;;occlusiva;bilabiale;sorda
44100;86,29;3805389;3805389.0;3527.0;144;r;;prato;p r a t o;;;;;;;;vibrante;alveolare;sonora
44100;86,371;3808961,1;3808917.0;5291.0;144;a;;prato;p r a t o;;;;;;;;bassa;centrale;v
44100;86,585;3818398,5;3814209.0;6173.0;144;t;;prato;p r a t o;;;;;;;;occlusiva;alveolare;sorda
44100;86,615;3819721,5;3820383.0;3968.0;144;o;;prato;p r a t o;;;;;;;;medio-alta;posteriore;v
44100;86,727;3824660,7;3824352.0;28664.0;-1;<p:>;;;;;;;;;;;;;
44100;87,43;3855663;3856104.0;5291.0;145;i;;Il;i l;;;;;;;;alta;anteriore;v
44100;87,535;3860293,5;3861396.0;1322.0;145;l;;Il;i l;;;;;;;;laterale;alveolare;sonora
44100;87,619;3863997,9;3862719.0;2204.0;146;p;;piccolo;p i kk o l o;;;;;;;;occlusiva;bilabiale;sorda
44100;87,649;3865320,9;3864924.0;3527.0;146;i;;piccolo;p i kk o l o;;;;;;;;alta;anteriore;v
44100;87,806;3872244,6;3868452.0;6614.0;146;kk;;piccolo;p i kk o l o;;;;;;;;occlusiva;velare;sorda
44100;87,857;3874493,7;3875067.0;2645.0;146;o;;piccolo;p i kk o l o;;;;;;;;medio-alta;posteriore;v
44100;87,942;3878242,2;3877713.0;4409.0;146;l;;piccolo;p i kk o l o;;;;;;;;laterale;alveolare;sonora
44100;88,007;3881108,7;3882123.0;1322.0;146;o;;piccolo;p i kk o l o;;;;;;;;medio-alta;posteriore;v
44100;88,049;3882960,9;3883446.0;6614.0;147;r;;ragno;r a JJ o;;;;;;;;vibrante;alveolare;sonora
44100;88,121;3886136,1;3890061.0;1322.0;147;a;;ragno;r a JJ o;;;;;;;;bassa;centrale;v
44100;88,227;3890810,7;3891384.0;11906.0;147;JJ;;ragno;r a JJ o;;;;;;;;nasale;palatale;sonora
44100;88,408;3898792,8;;;147;o;;ragno;r a JJ o;;;;;;;;medio-alta;posteriore;v
44100;88,555;3905275,5;3903291.0;3086.0;148;t;;tesse;t E ss e;;;;;;;;occlusiva;alveolare;sorda
44100;88,587;3906686,7;3906378.0;9260.0;148;E;;tesse;t E ss e;;;;;;;;medio-bassa;anteriore;v
44100;88,78;3915198;3915639.0;10583.0;148;ss;;tesse;t E ss e;;;;;;;;fricativa;alveolare;sorda
44100;89,036;3926487,6;3926223.0;1763.0;148;e;;tesse;t E ss e;;;;;;;;medio-alta;anteriore;v
44100;89,332;3939541,2;3944745.0;1322.0;149;E;;e;E;;;;;;;;medio-bassa;anteriore;v
44100;89,602;3951448,2;3946068.0;6614.0;150;t;;tace;t a tS e;;;;;;;;occlusiva;alveolare;sorda
44100;89,638;3953035,8;3952683.0;6614.0;150;a;;tace;t a tS e;;;;;;;;bassa;centrale;v
44100;89,805;3960400,5;3959298.0;7937.0;150;tS;;tace;t a tS e;;;;;;;;affricata;postalveolare;sorda
44100;89,958;3967147,8;3967236.0;4850.0;150;e;;tace;t a tS e;;;;;;;;medio-alta;anteriore;v
44100;90,046;3971028,6;3972087.0;49391.0;-1;<p:>;;;;;;;;;;;;;
44100;91,238;4023595,8;4024566.0;3527.0;151;a;;Arriva;a rr i v a;;;;;;;;bassa;centrale;v
44100;91,331;4027697,1;4028094.0;5732.0;151;r;;Arriva;a rr i v a;;;;;;;;vibrante;alveolare;sonora
44100;91,49;4034709;4033827.0;5291.0;151;i;;Arriva;a rr i v a;;;;;;;;alta;anteriore;v
44100;91,578;4038589,8;4039119.0;1322.0;151;v;;Arriva;a rr i v a;;;;;;;;fricativa;labiodentale;sonora
44100;91,631;4040927,1;4040442.0;1763.0;151;a;;Arriva;a rr i v a;;;;;;;;bassa;centrale;v
44100;91,63;4040883;4042206.0;3086.0;152;i;;il;i l;;;;;;;;alta;anteriore;v
44100;91,744;4045910,4;4045293.0;4850.0;152;l;;il;i l;;;;;;;;laterale;alveolare;sonora
44100;91,903;4052922,3;4050144.0;5291.0;153;k;;cane;k a n e;;;;;;;;occlusiva;velare;sorda
44100;91,961;4055480,1;4055436.0;7496.0;153;a;;cane;k a n e;;;;;;;;bassa;centrale;v
44100;92,129;4062888,9;4062933.0;6614.0;153;n;;cane;k a n e;;;;;;;;nasale;alveolare;sonora
44100;92,261;4068710,1;4069548.0;3527.0;153;e;;cane;k a n e;;;;;;;;medio-alta;anteriore;v
44100;92,339;4072149,9;4073076.0;26018.0;-1;<p:>;;;;;;;;;;;;;
44100;93,026;4102446,6;4103505.0;2204.0;154;E;;e;E;;;;;;;;medio-bassa;anteriore;v
44100;93,088;4105180,8;4105710.0;3527.0;155;L;;gli;L i;;;;;;;;approssimante laterale;velare;sonora
44100;93,208;4110472,8;4109238.0;3968.0;155;i;;gli;L i;;;;;;;;alta;anteriore;v
44100;93,301;4114574,1;4113207.0;2204.0;156;d;;dice;d i tS e;;;;;;;;occlusiva;alveolare;sonora
44100;93,322;4115500,2;4115412.0;7496.0;156;i;;dice;d i tS e;;;;;;;;alta;anteriore;v
44100;93,456;4121409,6;4122909.0;3086.0;156;tS;;dice;d i tS e;;;;;;;;affricata;postalveolare;sorda
44100;93,559;4125951,9;4125996.0;7937.0;156;e;;dice;d i tS e;;;;;;;;medio-alta;anteriore;v
44100;93,682;4131376,2;4133934.0;8819.0;-1;<p:>;;;;;;;;;;;;;
44100;93,97;4144077;4142754.0;1763.0;157;b;;Bau;b a u;;;;;;;;occlusiva;bilabiale;sonora
44100;93,994;4145135,4;4144518.0;6614.0;157;a;;Bau;b a u;;;;;;;;bassa;centrale;v
44100;94,142;4151662,2;4151133.0;8819.0;157;u;;Bau;b a u;;;;;;;;alta;posteriore;v
44100;94,273;4157439,3;4159953.0;9260.0;-1;<p:>;;;;;;;;;;;;;
44100;94,56;4170096;4169214.0;1322.0;158;b;;Bau;b a u;;;;;;;;occlusiva;bilabiale;sonora
44100;94,585;4171198,5;4170537.0;7055.0;158;a;;Bau;b a u;;;;;;;;bassa;centrale;v
44100;94,727;4177460,7;4177593.0;7496.0;158;u;;Bau;b a u;;;;;;;;alta;posteriore;v
44100;94,86;4183326;4185090.0;39248.0;-1;<p:>;;;;;;;;;;;;;
44100;95,825;4225882,5;4224339.0;2645.0;159;v;;Vieni;v i E n i;;;;;;;;fricativa;labiodentale;sonora
44100;95,872;4227955,2;4226985.0;3086.0;159;i;;Vieni;v i E n i;;;;;;;;alta;anteriore;v
44100;95,927;4230380,7;4230072.0;10583.0;159;E;;Vieni;v i E n i;;;;;;;;medio-bassa;anteriore;v
44100;96,151;4240259,1;4240656.0;5732.0;159;n;;Vieni;v i E n i;;;;;;;;nasale;alveolare;sonora
44100;96,224;4243478,4;4246389.0;5732.0;159;i;;Vieni;v i E n i;;;;;;;;alta;anteriore;v
44100;96,372;4250005,2;4252122.0;14111.0;-1;<p:>;;;;;;;;;;;;;
44100;96,762;4267204,2;4266234.0;3527.0;160;k;;che;k e;;;;;;;;occlusiva;velare;sorda
44100;96,815;4269541,5;4269762.0;2204.0;160;e;;che;k e;;;;;;;;medio-alta;anteriore;v
44100;96,878;4272319,8;4271967.0;2645.0;161;a;;andiamo;a n d j a m o;;;;;;;;bassa;centrale;v
44100;96,922;4274260,2;4274613.0;2204.0;161;n;;andiamo;a n d j a m o;;;;;;;;nasale;alveolare;sonora
44100;97,005;4277920,5;4276818.0;1763.0;161;d;;andiamo;a n d j a m o;;;;;;;;occlusiva;alveolare;sonora
44100;97,035;4279243,5;4278582.0;2204.0;161;j;;andiamo;a n d j a m o;;;;;;;;approssimante;palatale;sonora
44100;97,079;4281183,9;4280787.0;2645.0;161;a;;andiamo;a n d j a m o;;;;;;;;bassa;centrale;v
44100;97,126;4283256,6;4283433.0;2204.0;161;m;;andiamo;a n d j a m o;;;;;;;;nasale;bilabiale;sonora
44100;97,19;4286079;4285638.0;3968.0;161;O;;andiamo;a n d j a m o;;;;;;;;medio-bassa;posteriore;v
44100;97,239;4288239,9;;;162;a;;a;a;;;;;;;;bassa;centrale;v
44100;97,342;4292782,2;4289607.0;6173.0;163;k;;caccia;k a ttS a;;;;;;;;occlusiva;velare;sorda
44100;97,386;4294722,6;4295781.0;5291.0;163;a;;caccia;k a ttS a;;;;;;;;bassa;centrale;v
44100;97,516;4300455,6;4301073.0;4850.0;163;ttS;;caccia;k a ttS a;;;;;;;;affricata;postalveolare;sorda
44100;97,637;4305791,7;4305924.0;1322.0;163;a;;caccia;k a ttS a;;;;;;;;bassa;centrale;v
44100;97,73;4309893;4307247.0;1322.0;164;d;;del;d e l;;;;;;;;occlusiva;alveolare;sonora
44100;97,754;4310951,4;4308570.0;1322.0;164;e;;del;d e l;;;;;;;;medio-alta;anteriore;v
44100;97,791;4312583,1;4309893.0;3968.0;164;l;;del;d e l;;;;;;;;laterale;alveolare;sonora
44100;97,94;4319154;4313862.0;7055.0;165;g;;gatto;g a tt o;;;;;;;;occlusiva;velare;sonora
44100;97,981;4320962,1;4320918.0;7937.0;165;a;;gatto;g a tt o;;;;;;;;bassa;centrale;v
44100;98,336;4336617,6;4328856.0;9260.0;165;tt;;gatto;g a tt o;;;;;;;;occlusiva;alveolare;sorda
44100;98,37;4338117;4338117.0;4850.0;165;o;;gatto;g a tt o;;;;;;;;medio-alta;posteriore;v
44100;98,479;4342923,9;4342968.0;28664.0;-1;<p:>;;;;;;;;;;;;;
44100;99,19;4374279;4375161.0;4850.0;166;i;;Il;i l;;;;;;;;alta;anteriore;v
44100;99,257;4377233,7;4380012.0;1322.0;166;l;;Il;i l;;;;;;;;laterale;alveolare;sonora
44100;99,402;4383628,2;4381335.0;2645.0;167;p;;piccolo;p i kk o l o;;;;;;;;occlusiva;bilabiale;sorda
44100;99,433;4384995,3;4383981.0;3086.0;167;i;;piccolo;p i kk o l o;;;;;;;;alta;anteriore;v
44100;99,598;4392271,8;4387068.0;7937.0;167;kk;;piccolo;p i kk o l o;;;;;;;;occlusiva;velare;sorda
44100;99,664;4395182,4;4395006.0;2645.0;167;o;;piccolo;p i kk o l o;;;;;;;;medio-alta;posteriore;v
44100;99,72;4397652;4397652.0;7496.0;167;l;;piccolo;p i kk o l o;;;;;;;;laterale;alveolare;sonora
44100;99,835;4402723,5;4405149.0;2204.0;167;o;;piccolo;p i kk o l o;;;;;;;;medio-alta;posteriore;v
44100;99,875;4404487,5;4407354.0;1763.0;168;r;;ragno;r a JJ o;;;;;;;;vibrante;alveolare;sonora
44100;99,937;4407221,7;4409118.0;3527.0;168;a;;ragno;r a JJ o;;;;;;;;bassa;centrale;v
44100;100,061;4412690,1;4412646.0;15434.0;168;JJ;;ragno;r a JJ o;;;;;;;;nasale;palatale;sonora
44100;100,335;4424773,5;;;169;o;;ragno;r a JJ o;;;;;;;;medio-alta;posteriore;v
44100;100,387;4427066,7;;;-1;<p:>;;;;;;;;;;;;;
44100;100,767;4443824,7;4428081.0;16757.0;169;t;;tesse;t E ss e;;;;;;;;occlusiva;alveolare;sorda
44100;100,769;4443912,9;4444839.0;9701.0;169;E;;tesse;t E ss e;;;;;;;;medio-bassa;anteriore;v
44100;100,793;4444971,3;4454541.0;8819.0;169;ss;;tesse;t E ss e;;;;;;;;fricativa;alveolare;sorda
44100;100,963;4452468,3;4463361.0;3527.0;169;e;;tesse;t E ss e;;;;;;;;medio-alta;anteriore;v
44100;101,258;4465477,8;4470417.0;1322.0;170;E;;e;E;;;;;;;;medio-bassa;anteriore;v
44100;101,493;4475841,3;4471740.0;4850.0;171;t;;tace;t a tS e;;;;;;;;occlusiva;alveolare;sorda
44100;101,521;4477076,1;4476591.0;10583.0;171;a;;tace;t a tS e;;;;;;;;bassa;centrale;v
44100;101,733;4486425,3;4487175.0;5732.0;171;tS;;tace;t a tS e;;;;;;;;affricata;postalveolare;sorda
44100;101,864;4492202,4;4492908.0;4409.0;171;e;;tace;t a tS e;;;;;;;;medio-alta;anteriore;v
44100;101,968;4496788,8;4497318.0;42776.0;-1;<p:>;;;;;;;;;;;;;
44100;103,168;4549708,8;4552002.0;2204.0;172;a;;Arriva;a rr i v a;;;;;;;;bassa;centrale;v
44100;103,24;4552884;4554207.0;2204.0;172;r;;Arriva;a rr i v a;;;;;;;;vibrante;alveolare;sonora
44100;103,359;4558131,9;4556412.0;6614.0;172;i;;Arriva;a rr i v a;;;;;;;;alta;anteriore;v
44100;103,46;4562586;4563027.0;1322.0;172;v;;Arriva;a rr i v a;;;;;;;;fricativa;labiodentale;sonora
44100;103,496;4564173,6;4564350.0;3968.0;172;a;;Arriva;a rr i v a;;;;;;;;bassa;centrale;v
44100;103,589;4568274,9;4570965.0;2204.0;173;i;;il;i l;;;;;;;;alta;anteriore;v
44100;103,681;4572332,1;4573170.0;1763.0;173;l;;il;i l;;;;;;;;laterale;alveolare;sonora
44100;103,74;4574934;4574934.0;1322.0;174;g;;gatto;g a tt o;;;;;;;;occlusiva;velare;sonora
44100;103,763;4575948,3;4576257.0;9701.0;174;a;;gatto;g a tt o;;;;;;;;bassa;centrale;v
44100;104,182;4594426,2;4585959.0;9701.0;174;tt;;gatto;g a tt o;;;;;;;;occlusiva;alveolare;sorda
44100;104,213;4595793,3;4595661.0;6173.0;174;o;;gatto;g a tt o;;;;;;;;medio-alta;posteriore;v
44100;104,344;4601570,4;4601835.0;4409.0;-1;<p:>;;;;;;;;;;;;;
44100;104,515;4609111,5;4609773.0;1322.0;175;E;;e;E;;;;;;;;medio-bassa;anteriore;v
44100;104,585;4612198,5;4611096.0;1763.0;176;L;;gli;L i;;;;;;;;approssimante laterale;velare;sonora
44100;104,744;4619210,4;4612860.0;9701.0;176;i;;gli;L i;;;;;;;;alta;anteriore;v
44100;104,847;4623752,7;4622562.0;1763.0;177;d;;dice;d i tS e;;;;;;;;occlusiva;alveolare;sonora
44100;104,861;4624370,1;4624326.0;7496.0;177;i;;dice;d i tS e;;;;;;;;alta;anteriore;v
44100;105,011;4630985,1;4631823.0;4850.0;177;tS;;dice;d i tS e;;;;;;;;affricata;postalveolare;sorda
44100;105,119;4635747,9;4636674.0;8378.0;177;e;;dice;d i tS e;;;;;;;;medio-alta;anteriore;v
44100;105,284;4643024,4;4645053.0;12788.0;-1;<p:>;;;;;;;;;;;;;
44100;105,649;4659120,9;4657842.0;3086.0;178;m;;Mao;m a o ;;;;;;;;nasale;bilabiale;sonora
44100;105,767;4664324,7;4660929.0;14552.0;178;a;;Mao;m a o ;;;;;;;;bassa;centrale;v
44100;106,055;4677025,5;4675482.0;3968.0;178;o;;Mao;m a o ;;;;;;;;medio-alta;posteriore;v
44100;106,281;4686992,1;4688271.0;8378.0;-1;<p:>;;;;;;;;;;;;;
44100;106,51;4697091;4696650.0;1763.0;179;m;;Mao;m a o ;;;;;;;;nasale;bilabiale;sonora
44100;106,619;4701897,9;4698414.0;14111.0;179;a;;Mao;m a o ;;;;;;;;bassa;centrale;v
44100;106,886;4713672,6;4712526.0;5732.0;179;o;;Mao;m a o ;;;;;;;;medio-alta;posteriore;v
44100;107,123;4724124,3;;;-1;<p:>;;;;;;;;;;;;;
44100;107,587;4744586,7;4723992.0;24695.0;180;s;;Se;s e;;;;;;;;fricativa;alveolare;sorda
44100;107,678;4748599,8;4748688.0;1763.0;180;e;;Se;s e;;;;;;;;medio-alta;anteriore;v
44100;107,732;4750981,2;4750452.0;4409.0;181;a;;andassimo;a n d a ss i m o;;;;;;;;bassa;centrale;v
44100;107,769;4752612,9;4754862.0;3527.0;181;n;;andassimo;a n d a ss i m o;;;;;;;;nasale;alveolare;sonora
44100;107,866;4756890,6;4758390.0;1322.0;181;d;;andassimo;a n d a ss i m o;;;;;;;;occlusiva;alveolare;sonora
44100;107,892;4758037,2;4759713.0;2204.0;181;a;;andassimo;a n d a ss i m o;;;;;;;;bassa;centrale;v
44100;107,978;4761829,8;4761918.0;6173.0;181;ss;;andassimo;a n d a ss i m o;;;;;;;;fricativa;alveolare;sorda
44100;108,13;4768533;4768092.0;2645.0;181;i;;andassimo;a n d a ss i m o;;;;;;;;alta;anteriore;v
44100;108,168;4770208,8;4770738.0;1763.0;181;m;;andassimo;a n d a ss i m o;;;;;;;;nasale;bilabiale;sonora
44100;108,244;4773560,4;4772502.0;5291.0;181;o;;andassimo;a n d a ss i m o;;;;;;;;medio-alta;posteriore;v
44100;108,303;4776162,3;;;182;a;;a;a;;;;;;;;bassa;centrale;v
44100;108,343;4777926,3;4777794.0;5291.0;183;f;;farci;f a r tS i;;;;;;;;fricativa;labiodentale;sorda
44100;108,454;4782821,4;4783086.0;2645.0;183;a;;farci;f a r tS i;;;;;;;;bassa;centrale;v
44100;108,522;4785820,2;4785732.0;3968.0;183;r;;farci;f a r tS i;;;;;;;;vibrante;alveolare;sonora
44100;108,592;4788907,2;4789701.0;5291.0;183;tS;;farci;f a r tS i;;;;;;;;affricata;postalveolare;sorda
44100;108,693;4793361,3;;;183;i;;farci;f a r tS i;;;;;;;;alta;anteriore;v
44100;108,713;4794243,3;4794993.0;1763.0;184;u;;un;u n;;;;;;;;alta;posteriore;v
44100;108,773;4796889,3;4796757.0;3527.0;184;n;;un;u n;;;;;;;;nasale;alveolare;sonora
44100;108,906;4802754,6;4800285.0;2645.0;185;p;;pisolino;p i z o l i n o;;;;;;;;occlusiva;bilabiale;sorda
44100;108,923;4803504,3;4802931.0;4409.0;185;i;;pisolino;p i z o l i n o;;;;;;;;alta;anteriore;v
44100;109,011;4807385,1;4807341.0;3086.0;185;z;;pisolino;p i z o l i n o;;;;;;;;fricativa;alveolare;sonora
44100;109,083;4810560,3;4810428.0;1763.0;185;o;;pisolino;p i z o l i n o;;;;;;;;medio-alta;posteriore;v
44100;109,121;4812236,1;4812192.0;1763.0;185;l;;pisolino;p i z o l i n o;;;;;;;;laterale;alveolare;sonora
44100;109,215;4816381,5;4813956.0;10142.0;185;i;;pisolino;p i z o l i n o;;;;;;;;alta;anteriore;v
44100;109,372;4823305,2;4824099.0;3086.0;185;n;;pisolino;p i z o l i n o;;;;;;;;nasale;alveolare;sonora
44100;109,469;4827582,9;4827186.0;3968.0;185;o;;pisolino;p i z o l i n o;;;;;;;;medio-alta;posteriore;v
44100;109,558;4831507,8;4831155.0;31751.0;-1;<p:>;;;;;;;;;;;;;
44100;110,321;4865156,1;4865553.0;6614.0;186;i;;Il;i l;;;;;;;;alta;anteriore;v
44100;110,4;4868640;4872168.0;2204.0;186;l;;Il;i l;;;;;;;;laterale;alveolare;sonora
44100;110,557;4875563,7;4874373.0;1763.0;187;p;;piccolo;p i kk o l o;;;;;;;;occlusiva;bilabiale;sorda
44100;110,589;4876974,9;4876137.0;6614.0;187;i;;piccolo;p i kk o l o;;;;;;;;alta;anteriore;v
44100;110,758;4884427,8;4882752.0;4850.0;187;kk;;piccolo;p i kk o l o;;;;;;;;occlusiva;velare;sorda
44100;110,824;4887338,4;4887603.0;2645.0;187;o;;piccolo;p i kk o l o;;;;;;;;medio-alta;posteriore;v
44100;110,902;4890778,2;4890249.0;2645.0;187;l;;piccolo;p i kk o l o;;;;;;;;laterale;alveolare;sonora
44100;110,952;4892983,2;4892895.0;2645.0;187;o;;piccolo;p i kk o l o;;;;;;;;medio-alta;posteriore;v
44100;111,005;4895320,5;4895541.0;8378.0;188;r;;ragno;r a JJ o;;;;;;;;vibrante;alveolare;sonora
44100;111,109;4899906,9;4903920.0;1322.0;188;a;;ragno;r a JJ o;;;;;;;;bassa;centrale;v
44100;111,244;4905860,4;4905243.0;8819.0;188;JJ;;ragno;r a JJ o;;;;;;;;nasale;palatale;sonora
44100;111,404;4912916,4;4914063.0;3086.0;188;o;;ragno;r a JJ o;;;;;;;;medio-alta;posteriore;v
44100;111,565;4920016,5;4917150.0;4850.0;189;t;;tesse;t E ss e;;;;;;;;occlusiva;alveolare;sorda
44100;111,6;4921560;4922001.0;8378.0;189;E;;tesse;t E ss e;;;;;;;;medio-bassa;anteriore;v
44100;111,756;4928439,6;4930380.0;7055.0;189;ss;;tesse;t E ss e;;;;;;;;fricativa;alveolare;sorda
44100;111,958;4937347,8;4937436.0;5732.0;189;e;;tesse;t E ss e;;;;;;;;medio-alta;anteriore;v
44100;112,035;4940743,5;4943169.0;1322.0;190;E;;e;E;;;;;;;;medio-bassa;anteriore;v
44100;112,236;4949607,6;4944492.0;5291.0;191;t;;tace;t a tS e;;;;;;;;occlusiva;alveolare;sorda
44100;112,261;4950710,1;4949784.0;7496.0;191;a;;tace;t a tS e;;;;;;;;bassa;centrale;v
44100;112,464;4959662,4;4957281.0;7937.0;191;tS;;tace;t a tS e;;;;;;;;affricata;postalveolare;sorda
44100;112,6;4965660;4965219.0;4850.0;191;e;;tace;t a tS e;;;;;;;;medio-alta;anteriore;v
44100;112,69;4969629;4970070.0;43658.0;-1;<p:>;;;;;;;;;;;;;
44100;113,759;5016771,9;5018580.0;2204.0;192;a;;Arriva;a rr i v a;;;;;;;;bassa;centrale;v
44100;113,835;5020123,5;5020785.0;4850.0;192;r;;Arriva;a rr i v a;;;;;;;;vibrante;alveolare;sonora
44100;113,923;5024004,3;5025636.0;4409.0;192;i;;Arriva;a rr i v a;;;;;;;;alta;anteriore;v
44100;113,966;5025900,6;5030046.0;1322.0;192;v;;Arriva;a rr i v a;;;;;;;;fricativa;labiodentale;sonora
44100;114,09;5031369;5031369.0;3968.0;192;a;;Arriva;a rr i v a;;;;;;;;bassa;centrale;v
44100;114,182;5035426,2;5035338.0;2645.0;193;l;;lâ€™;l;;;;;;;;laterale;alveolare;sonora
44100;114,25;5038425;5037984.0;9260.0;194;a;;anatra;a n a t r a;;;;;;;;bassa;centrale;v
44100;114,398;5044951,8;5047245.0;2204.0;194;n;;anatra;a n a t r a;;;;;;;;nasale;alveolare;sonora
44100;114,494;5049185,4;5049450.0;5291.0;194;a;;anatra;a n a t r a;;;;;;;;bassa;centrale;v
44100;114,651;5056109,1;5054742.0;2645.0;194;t;;anatra;a n a t r a;;;;;;;;occlusiva;alveolare;sorda
44100;114,672;5057035,2;5057388.0;3527.0;194;r;;anatra;a n a t r a;;;;;;;;vibrante;alveolare;sonora
44100;114,72;5059152;;;194;a;;anatra;a n a t r a;;;;;;;;bassa;centrale;v
44100;114,781;5061842,1;;;-1;<p:>;;;;;;;;;;;;;
44100;115,091;5075513,1;5076351.0;1763.0;195;E;;e;E;;;;;;;;medio-bassa;anteriore;v
44100;115,164;5078732,4;5078115.0;1763.0;196;L;;gli;L i;;;;;;;;approssimante laterale;velare;sonora
44100;115,262;5083054,2;5079879.0;7496.0;196;i;;gli;L i;;;;;;;;alta;anteriore;v
44100;115,37;5087817;5087376.0;1322.0;197;d;;dice;d i tS e;;;;;;;;occlusiva;alveolare;sonora
44100;115,395;5088919,5;5088699.0;7496.0;197;i;;dice;d i tS e;;;;;;;;alta;anteriore;v
44100;115,486;5092932,6;5096196.0;3527.0;197;tS;;dice;d i tS e;;;;;;;;affricata;postalveolare;sorda
44100;115,633;5099415,3;5099724.0;6173.0;197;e;;dice;d i tS e;;;;;;;;medio-alta;anteriore;v
44100;115,745;5104354,5;5105898.0;5732.0;-1;<p:>;;;;;;;;;;;;;
44100;115,961;5113880,1;5111631.0;1322.0;198;k;;Qua;k w a;;;;;;;;occlusiva;velare;sorda
44100;115,982;5114806,2;5112954.0;1322.0;198;w;;Qua;k w a;;;;;;;;approssimante;labio-velare;sonora
44100;116,02;5116482;5114277.0;5732.0;198;a;;Qua;k w a;;;;;;;;bassa;centrale;v
44100;116,363;5131608,3;5120010.0;13229.0;199;k;;Qua;k w a;;;;;;;;occlusiva;velare;sorda
44100;116,389;5132754,9;5133240.0;1322.0;199;w;;Qua;k w a;;;;;;;;approssimante;labio-velare;sonora
44100;116,428;5134474,8;5134563.0;7496.0;199;a;;Qua;k w a;;;;;;;;bassa;centrale;v
44100;116,523;5138664,3;5142060.0;33956.0;-1;<p:>;;;;;;;;;;;;;
44100;117,392;5176987,2;;;200;v;;Vieni;v i E n i;;;;;;;;fricativa;labiodentale;sonora
44100;117,429;5178618,9;5176017.0;4409.0;200;i;;Vieni;v i E n i;;;;;;;;alta;anteriore;v
44100;117,479;5180823,9;5180427.0;4409.0;200;E;;Vieni;v i E n i;;;;;;;;medio-bassa;anteriore;v
44100;117,569;5184792,9;5184837.0;1763.0;200;n;;Vieni;v i E n i;;;;;;;;nasale;alveolare;sonora
44100;117,613;5186733,3;5186601.0;3527.0;200;i;;Vieni;v i E n i;;;;;;;;alta;anteriore;v
44100;117,767;5193524,7;5190129.0;3968.0;201;k;;con;k o n;;;;;;;;occlusiva;velare;sorda
44100;117,784;5194274,4;5194098.0;3086.0;201;O;;con;k o n;;;;;;;;medio-bassa;posteriore;v
44100;117,834;5196479,4;5197185.0;1763.0;201;n;;con;k o n;;;;;;;;nasale;alveolare;sonora
44100;117,891;5198993,1;5198949.0;3086.0;202;m;;me;m e;;;;;;;;nasale;bilabiale;sonora
44100;117,967;5202344,7;5202036.0;5732.0;202;e;;me;m e;;;;;;;;medio-alta;anteriore;v
44100;118,022;5204770,2;;;203;a;;a;a;;;;;;;;bassa;centrale;v
44100;118,093;5207901,3;5207769.0;3527.0;204;n;;nuotare;n w o t a r e;;;;;;;;nasale;alveolare;sonora
44100;118,14;5209974;5211297.0;1322.0;204;w;;nuotare;n w o t a r e;;;;;;;;approssimante;labio-velare;sonora
44100;118,207;5212928,7;5212620.0;4409.0;204;o;;nuotare;n w o t a r e;;;;;;;;medio-alta;posteriore;v
44100;118,347;5219102,7;5217030.0;2645.0;204;t;;nuotare;n w o t a r e;;;;;;;;occlusiva;alveolare;sorda
44100;118,369;5220072,9;5219676.0;9701.0;204;a;;nuotare;n w o t a r e;;;;;;;;bassa;centrale;v
44100;118,546;5227878,6;5229378.0;4409.0;204;r;;nuotare;n w o t a r e;;;;;;;;vibrante;alveolare;sonora
44100;118,66;5232906;5233788.0;5732.0;204;e;;nuotare;n w o t a r e;;;;;;;;medio-alta;anteriore;v
44100;118,743;5236566,3;5239521.0;23813.0;-1;<p:>;;;;;;;;;;;;;
44100;119,411;5266025,1;5266422.0;7496.0;205;i;;Il;i l;;;;;;;;alta;anteriore;v
44100;119,494;5269685,4;5273919.0;2204.0;205;l;;Il;i l;;;;;;;;laterale;alveolare;sonora
44100;119,677;5277755,7;5276124.0;2204.0;206;p;;piccolo;p i kk o l o;;;;;;;;occlusiva;bilabiale;sorda
44100;119,712;5279299,2;5278329.0;8378.0;206;i;;piccolo;p i kk o l o;;;;;;;;alta;anteriore;v
44100;119,956;5290059,6;5286708.0;7055.0;206;kk;;piccolo;p i kk o l o;;;;;;;;occlusiva;velare;sorda
44100;120,034;5293499,4;5293764.0;2204.0;206;o;;piccolo;p i kk o l o;;;;;;;;medio-alta;posteriore;v
44100;120,123;5297424,3;5295969.0;3527.0;206;l;;piccolo;p i kk o l o;;;;;;;;laterale;alveolare;sonora
44100;120,17;5299497;5299497.0;1322.0;206;o;;piccolo;p i kk o l o;;;;;;;;medio-alta;posteriore;v
44100;120,2;5300820;5300820.0;1763.0;207;r;;ragno;r a JJ o;;;;;;;;vibrante;alveolare;sonora
44100;120,329;5306508,9;5302584.0;10583.0;207;a;;ragno;r a JJ o;;;;;;;;bassa;centrale;v
44100;120,482;5313256,2;5313168.0;14111.0;207;JJ;;ragno;r a JJ o;;;;;;;;nasale;palatale;sonora
44100;120,702;5322958,2;;;207;o;;ragno;r a JJ o;;;;;;;;medio-alta;posteriore;v
44100;120,766;5325780,6;5327280.0;8819.0;-1;<p:>;;;;;;;;;;;;;
44100;121,055;5338525,5;5341392.0;1763.0;208;a;;ha;a;;;;;;;;bassa;centrale;v
44100;121,191;5344523,1;5343156.0;5732.0;209;z;;smesso;z m e ss o;;;;;;;;fricativa;alveolare;sonora
44100;121,279;5348403,9;5348889.0;3527.0;209;m;;smesso;z m e ss o;;;;;;;;nasale;bilabiale;sonora
44100;121,373;5352549,3;5352417.0;3968.0;209;e;;smesso;z m e ss o;;;;;;;;medio-alta;anteriore;v
44100;121,504;5358326,4;5356386.0;8819.0;209;ss;;smesso;z m e ss o;;;;;;;;fricativa;alveolare;sorda
44100;121,669;5365602,9;5365206.0;3527.0;209;o;;smesso;z m e ss o;;;;;;;;medio-alta;posteriore;v
44100;121,748;5369086,8;5368734.0;1322.0;210;d;;di;d i;;;;;;;;occlusiva;alveolare;sonora
44100;121,768;5369968,8;5370057.0;4409.0;210;i;;di;d i;;;;;;;;alta;anteriore;v
44100;121,903;5375922,3;5374467.0;3086.0;211;t;;tessere;t E ss e r e;;;;;;;;occlusiva;alveolare;sorda
44100;121,933;5377245,3;5377554.0;8378.0;211;E;;tessere;t E ss e r e;;;;;;;;medio-bassa;anteriore;v
44100;122,096;5384433,6;5385933.0;9260.0;211;ss;;tessere;t E ss e r e;;;;;;;;fricativa;alveolare;sorda
44100;122,324;5394488,4;5395194.0;8819.0;211;e;;tessere;t E ss e r e;;;;;;;;medio-alta;anteriore;v
44100;122,364;5396252,4;5404014.0;1322.0;211;r;;tessere;t E ss e r e;;;;;;;;vibrante;alveolare;sonora
44100;122,466;5400750,6;;;211;e;;tessere;t E ss e r e;;;;;;;;medio-alta;anteriore;v
44100;122,548;5404366,8;5405337.0;25136.0;-1;<p:>;;;;;;;;;;;;;
44100;123,173;5431929,3;5430474.0;3086.0;212;l;;La;l a;;;;;;;;laterale;alveolare;sonora
44100;123,212;5433649,2;5433561.0;2204.0;212;a;;La;l a;;;;;;;;bassa;centrale;v
44100;123,255;5435545,5;5435766.0;3527.0;213;r;;ragnatela;r a JJ a t e l a;;;;;;;;vibrante;alveolare;sonora
44100;123,334;5439029,4;5439294.0;2645.0;213;a;;ragnatela;r a JJ a t e l a;;;;;;;;bassa;centrale;v
44100;123,403;5442072,3;5441940.0;6614.0;213;JJ;;ragnatela;r a JJ a t e l a;;;;;;;;nasale;palatale;sonora
44100;123,489;5445864,9;5448555.0;1322.0;213;a;;ragnatela;r a JJ a t e l a;;;;;;;;bassa;centrale;v
44100;123,63;5452083;5449878.0;3968.0;213;t;;ragnatela;r a JJ a t e l a;;;;;;;;occlusiva;alveolare;sorda
44100;123,657;5453273,7;5453847.0;3086.0;213;e;;ragnatela;r a JJ a t e l a;;;;;;;;medio-alta;anteriore;v
44100;123,746;5457198,6;5456934.0;1322.0;213;l;;ragnatela;r a JJ a t e l a;;;;;;;;laterale;alveolare;sonora
44100;123,777;5458565,7;5458257.0;1322.0;213;a;;ragnatela;r a JJ a t e l a;;;;;;;;bassa;centrale;v
44100;123,843;5461476,3;5459580.0;3086.0;214;E;;Ã¨;E;;;;;;;;medio-bassa;anteriore;v
44100;124,015;5469061,5;5462667.0;6173.0;215;p;;pronta;p r o n t a;;;;;;;;occlusiva;bilabiale;sorda
44100;124,041;5470208,1;5468841.0;4409.0;215;r;;pronta;p r o n t a;;;;;;;;vibrante;alveolare;sonora
44100;124,095;5472589,5;5473251.0;6173.0;215;o;;pronta;p r o n t a;;;;;;;;medio-alta;posteriore;v
44100;124,26;5479866;5479425.0;7055.0;215;n;;pronta;p r o n t a;;;;;;;;nasale;alveolare;sonora
44100;124,436;5487627,6;5486481.0;2204.0;215;t;;pronta;p r o n t a;;;;;;;;occlusiva;alveolare;sorda
44100;124,468;5489038,8;5488686.0;5732.0;215;a;;pronta;p r o n t a;;;;;;;;bassa;centrale;v
44100;124,58;5493978;5494419.0;44981.0;-1;<p:>;;;;;;;;;;;;;
44100;125,669;5542002,9;5542488.0;3086.0;216;a;;Allora;a ll o r a;;;;;;;;bassa;centrale;v
44100;125,739;5545089,9;5545575.0;3527.0;216;ll;;Allora;a ll o r a;;;;;;;;laterale;alveolare;sonora
44100;125,838;5549455,8;5549103.0;4409.0;216;o;;Allora;a ll o r a;;;;;;;;medio-alta;posteriore;v
44100;125,906;5552454,6;5553513.0;1763.0;216;r;;Allora;a ll o r a;;;;;;;;vibrante;alveolare;sonora
44100;125,961;5554880,1;;;216;a;;Allora;a ll o r a;;;;;;;;bassa;centrale;v
44100;126,004;5556776,4;5555277.0;4409.0;217;a;;arriva;a rr i v a;;;;;;;;bassa;centrale;v
44100;126,089;5560524,9;5559687.0;3086.0;217;rr;;arriva;a rr i v a;;;;;;;;vibrante;alveolare;sonora
44100;126,192;5565067,2;5562774.0;7055.0;217;i;;arriva;a rr i v a;;;;;;;;alta;anteriore;v
44100;126,271;5568551,1;5569830.0;1322.0;217;v;;arriva;a rr i v a;;;;;;;;fricativa;labiodentale;sonora
44100;126,33;5571153;5571153.0;1763.0;217;a;;arriva;a rr i v a;;;;;;;;bassa;centrale;v
44100;126,374;5573093,4;5572917.0;5291.0;218;i;;il;i l;;;;;;;;alta;anteriore;v
44100;126,439;5575959,9;5578209.0;3527.0;218;l;;il;i l;;;;;;;;laterale;alveolare;sonora
44100;126,589;5582574,9;5581737.0;1763.0;219;g;;gallo;g a ll o;;;;;;;;occlusiva;velare;sonora
44100;126,609;5583456,9;5583501.0;8819.0;219;a;;gallo;g a ll o;;;;;;;;bassa;centrale;v
44100;126,814;5592497,4;5592321.0;11024.0;219;ll;;gallo;g a ll o;;;;;;;;laterale;alveolare;sonora
44100;127,009;5601096,9;5603346.0;2204.0;219;o;;gallo;g a ll o;;;;;;;;medio-alta;posteriore;v
44100;127,104;5605286,4;5605551.0;14111.0;-1;<p:>;;;;;;;;;;;;;
44100;127,491;5622353,1;5623191.0;1763.0;220;E;;e;E;;;;;;;;medio-bassa;anteriore;v
44100;127,57;5625837;5624955.0;3527.0;221;L;;gli;L i;;;;;;;;approssimante laterale;velare;sonora
44100;127,664;5629982,4;5628483.0;4409.0;221;i;;gli;L i;;;;;;;;alta;anteriore;v
44100;127,755;5633995,5;5632893.0;1322.0;222;d;;dice;d i tS e;;;;;;;;occlusiva;alveolare;sonora
44100;127,775;5634877,5;5634216.0;7937.0;222;i;;dice;d i tS e;;;;;;;;alta;anteriore;v
44100;127,9;5640390;5642154.0;3527.0;222;tS;;dice;d i tS e;;;;;;;;affricata;postalveolare;sorda
44100;128,019;5645637,9;5645682.0;8819.0;222;e;;dice;d i tS e;;;;;;;;medio-alta;anteriore;v
44100;128,175;5652517,5;5654502.0;17198.0;-1;<p:>;;;;;;;;;;;;;
44100;128,613;5671833,3;5671701.0;3086.0;223;k;;Chicchirichi;k i k k  i r i k i;;;;;;;;occlusiva;velare;sorda
44100;128,683;5674920,3;5674788.0;7055.0;223;i;;Chicchirichi;k i k k  i r i k i;;;;;;;;alta;anteriore;v
44100;128,854;5682461,4;5681844.0;3086.0;223;kk;;Chicchirichi;k i k k  i r i k i;;;;;;;;occlusiva;velare;sorda
44100;128,912;5685019,2;5684931.0;1763.0;223;i;;Chicchirichi;k i k k  i r i k i;;;;;;;;alta;anteriore;v
44100;128,949;5686650,9;5686695.0;1763.0;223;r;;Chicchirichi;k i k k  i r i k i;;;;;;;;vibrante;alveolare;sonora
44100;129,018;5689693,8;5688459.0;3968.0;223;i;;Chicchirichi;k i k k  i r i k i;;;;;;;;alta;anteriore;v
44100;129,122;5694280,2;5692428.0;5291.0;223;k;;Chicchirichi;k i k k  i r i k i;;;;;;;;occlusiva;velare;sorda
44100;129,194;5697455,4;5697720.0;23813.0;223;i;;Chicchirichi;k i k k  i r i k i;;;;;;;;alta;anteriore;v
44100;129,681;5718932,1;5721534.0;11024.0;-1;<p:>;;;;;;;;;;;;;
44100;130,018;5733793,8;5732559.0;1763.0;224;p;;PerchÃ©;p e r k e;;;;;;;;occlusiva;bilabiale;sorda
44100;130,046;5735028,6;5734323.0;3086.0;224;e;;PerchÃ©;p e r k e;;;;;;;;medio-alta;anteriore;v
44100;130,084;5736704,4;5737410.0;1322.0;224;r;;PerchÃ©;p e r k e;;;;;;;;vibrante;alveolare;sonora
44100;130,224;5742878,4;5738733.0;7055.0;224;k;;PerchÃ©;p e r k e;;;;;;;;occlusiva;velare;sorda
44100;130,29;5745789;5745789.0;4409.0;224;e;;PerchÃ©;p e r k e;;;;;;;;medio-alta;anteriore;v
44100;130,378;5749669,8;5750199.0;2645.0;225;n;;non;n O n;;;;;;;;nasale;alveolare;sonora
44100;130,45;5752845;5752845.0;2204.0;225;O;;non;n O n;;;;;;;;medio-bassa;posteriore;v
44100;130,499;5755005,9;5755050.0;3086.0;225;n;;non;n O n;;;;;;;;nasale;alveolare;sonora
44100;130,57;5758137;5758137.0;3086.0;226;a;;andiamo;a n d j a m o;;;;;;;;bassa;centrale;v
44100;130,639;5761179,9;5761224.0;3527.0;226;n;;andiamo;a n d j a m o;;;;;;;;nasale;alveolare;sonora
44100;130,73;5765193;5764752.0;1322.0;226;d;;andiamo;a n d j a m o;;;;;;;;occlusiva;alveolare;sonora
44100;130,769;5766912,9;5766075.0;2645.0;226;j;;andiamo;a n d j a m o;;;;;;;;approssimante;palatale;sonora
44100;130,819;5769117,9;5768721.0;2645.0;226;a;;andiamo;a n d j a m o;;;;;;;;bassa;centrale;v
44100;130,866;5771190,6;5771367.0;5732.0;226;m;;andiamo;a n d j a m o;;;;;;;;nasale;bilabiale;sonora
44100;130,952;5774983,2;;;226;o;;andiamo;a n d j a m o;;;;;;;;medio-alta;posteriore;v
44100;130,998;5777011,8;5777100.0;4850.0;227;a;;assieme;a ss j E m e;;;;;;;;bassa;centrale;v
44100;131,069;5780142,9;5781951.0;7937.0;227;ss;;assieme;a ss j E m e;;;;;;;;fricativa;alveolare;sorda
44100;131,295;5790109,5;5789889.0;3086.0;227;j;;assieme;a ss j E m e;;;;;;;;approssimante;palatale;sonora
44100;131,355;5792755,5;5792976.0;10142.0;227;E;;assieme;a ss j E m e;;;;;;;;medio-bassa;anteriore;v
44100;131,569;5802192,9;5803119.0;4409.0;227;m;;assieme;a ss j E m e;;;;;;;;nasale;bilabiale;sonora
44100;131,656;5806029,6;5807529.0;4850.0;227;e;;assieme;a ss j E m e;;;;;;;;medio-alta;anteriore;v
44100;131,758;5810527,8;5812380.0;3968.0;-1;<p:>;;;;;;;;;;;;;
44100;131,947;5818862,7;5818554.0;3968.0;228;a;;ad;a d;;;;;;;;bassa;centrale;v
44100;132,061;5823890,1;5822523.0;1763.0;228;d;;ad;a d;;;;;;;;occlusiva;alveolare;sonora
44100;132,08;5824728;5824287.0;3086.0;229;a;;acchiappare;a kk j a pp a r e;;;;;;;;bassa;centrale;v
44100;132,225;5831122,5;5827374.0;7055.0;229;kk;;acchiappare;a kk j a pp a r e;;;;;;;;occlusiva;velare;sorda
44100;132,309;5834826,9;5834430.0;2204.0;229;j;;acchiappare;a kk j a pp a r e;;;;;;;;approssimante;palatale;sonora
44100;132,363;5837208,3;5836635.0;5291.0;229;a;;acchiappare;a kk j a pp a r e;;;;;;;;bassa;centrale;v
44100;132,541;5845058,1;5841927.0;3527.0;229;pp;;acchiappare;a kk j a pp a r e;;;;;;;;occlusiva;bilabiale;sorda
44100;132,596;5847483,6;5845455.0;6173.0;229;a;;acchiappare;a kk j a pp a r e;;;;;;;;bassa;centrale;v
44100;132,689;5851584,9;5851629.0;2645.0;229;r;;acchiappare;a kk j a pp a r e;;;;;;;;vibrante;alveolare;sonora
44100;132,754;5854451,4;5854275.0;1763.0;229;e;;acchiappare;a kk j a pp a r e;;;;;;;;medio-alta;anteriore;v
44100;132,792;5856127,2;5856039.0;2645.0;230;l;;le;l e;;;;;;;;laterale;alveolare;sonora
44100;132,855;5858905,5;5858685.0;2645.0;230;e;;le;l e;;;;;;;;medio-alta;anteriore;v
44100;132,921;5861816,1;5861331.0;4409.0;231;m;;mosche;m o s k e;;;;;;;;nasale;bilabiale;sonora
44100;133,035;5866843,5;5865741.0;7496.0;231;o;;mosche;m o s k e;;;;;;;;medio-alta;posteriore;v
44100;133,196;5873943,6;5873238.0;7937.0;231;s;;mosche;m o s k e;;;;;;;;fricativa;alveolare;sorda
44100;133,392;5882587,2;5881176.0;4850.0;231;k;;mosche;m o s k e;;;;;;;;occlusiva;velare;sorda
44100;133,447;5885012,7;5886027.0;4409.0;231;e;;mosche;m o s k e;;;;;;;;medio-alta;anteriore;v
44100;133,558;5889907,8;5890437.0;47627.0;-1;<p:>;;;;;;;;;;;;;
44100;134,718;5941063,8;5941593.0;7055.0;232;i;;Il;i l;;;;;;;;alta;anteriore;v
44100;134,81;5945121;5948649.0;2645.0;232;l;;Il;i l;;;;;;;;laterale;alveolare;sonora
44100;134,991;5953103,1;5951295.0;2645.0;233;p;;piccolo;p i kk o l o;;;;;;;;occlusiva;bilabiale;sorda
44100;135,027;5954690,7;5953941.0;6173.0;233;i;;piccolo;p i kk o l o;;;;;;;;alta;anteriore;v
44100;135,245;5964304,5;5960115.0;7496.0;233;kk;;piccolo;p i kk o l o;;;;;;;;occlusiva;velare;sorda
44100;135,324;5967788,4;5967612.0;3086.0;233;o;;piccolo;p i kk o l o;;;;;;;;medio-alta;posteriore;v
44100;135,414;5971757,4;5970699.0;5291.0;233;l;;piccolo;p i kk o l o;;;;;;;;laterale;alveolare;sonora
44100;135,511;5976035,1;5975991.0;1322.0;233;o;;piccolo;p i kk o l o;;;;;;;;medio-alta;posteriore;v
44100;135,542;5977402,2;5977314.0;3086.0;234;r;;ragno;r a JJ o;;;;;;;;vibrante;alveolare;sonora
44100;135,6;5979960;5980401.0;4850.0;234;a;;ragno;r a JJ o;;;;;;;;bassa;centrale;v
44100;135,751;5986619,1;5985252.0;8378.0;234;JJ;;ragno;r a JJ o;;;;;;;;nasale;palatale;sonora
44100;135,889;5992704,9;5993631.0;4850.0;234;o;;ragno;r a JJ o;;;;;;;;medio-alta;posteriore;v
44100;136,054;5999981,4;5998482.0;2645.0;235;t;;tace;t a tS e;;;;;;;;occlusiva;alveolare;sorda
44100;136,095;6001789,5;6001128.0;10142.0;235;a;;tace;t a tS e;;;;;;;;bassa;centrale;v
44100;136,306;6011094,6;6011271.0;6173.0;235;tS;;tace;t a tS e;;;;;;;;affricata;postalveolare;sorda
44100;136,463;6018018,3;6017445.0;21167.0;235;e;;tace;t a tS e;;;;;;;;medio-alta;anteriore;v
44100;136,622;6025030,2;6043464.0;1322.0;236;E;;e;E;;;;;;;;medio-bassa;anteriore;v
44100;137,018;6042493,8;;;-1;<p:>;;;;;;;;;;;;;
44100;137,535;6065293,5;6044787.0;21167.0;237;dz;;Zac;dz a k;;;;;;;;affricata;alveolare;sonora
44100;137,626;6069306,6;6065955.0;8378.0;237;a;;Zac;dz a k;;;;;;;;bassa;centrale;v
44100;137,917;6082139,7;6074334.0;13229.0;237;k;;Zac;dz a k;;;;;;;;occlusiva;velare;sorda
44100;137,971;6084521,1;6087564.0;14552.0;-1;<p:>;;;;;;;;;;;;;
44100;138,424;6104498,4;6104763.0;7937.0;238;a;;Ha;a;;;;;;;;bassa;centrale;v
44100;138,53;6109173;6112701.0;2645.0;239;dZ;;giÃ ;dZ a;;;;;;;;affricata;postalveolare;sonora
44100;138,664;6115082,4;6115347.0;3968.0;239;a;;giÃ ;dZ a;;;;;;;;bassa;centrale;v
44100;138,753;6119007,3;6119316.0;2645.0;240;a;;acchiappato;a kk j a pp a t o;;;;;;;;bassa;centrale;v
44100;138,919;6126327,9;6121962.0;7496.0;240;kk;;acchiappato;a kk j a pp a t o;;;;;;;;occlusiva;velare;sorda
44100;139,001;6129944,1;6129459.0;1322.0;240;j;;acchiappato;a kk j a pp a t o;;;;;;;;approssimante;palatale;sonora
44100;139,035;6131443,5;6130782.0;3968.0;240;a;;acchiappato;a kk j a pp a t o;;;;;;;;bassa;centrale;v
44100;139,202;6138808,2;6134751.0;4850.0;240;pp;;acchiappato;a kk j a pp a t o;;;;;;;;occlusiva;bilabiale;sorda
44100;139,235;6140263,5;6139602.0;5732.0;240;a;;acchiappato;a kk j a pp a t o;;;;;;;;bassa;centrale;v
44100;139,394;6147275,4;6145335.0;3086.0;240;t;;acchiappato;a kk j a pp a t o;;;;;;;;occlusiva;alveolare;sorda
44100;139,41;6147981;;;240;o;;acchiappato;a kk j a pp a t o;;;;;;;;medio-alta;posteriore;v
44100;139,432;6148951,2;6148422.0;3527.0;241;u;;una;u n a;;;;;;;;alta;posteriore;v
44100;139,499;6151905,9;6151950.0;2204.0;241;n;;una;u n a;;;;;;;;nasale;alveolare;sonora
44100;139,559;6154551,9;6154155.0;3086.0;241;a;;una;u n a;;;;;;;;bassa;centrale;v
44100;139,635;6157903,5;6157242.0;3968.0;242;m;;mosca;m o s k a;;;;;;;;nasale;bilabiale;sonora
44100;139,708;6161122,8;6161211.0;5732.0;242;o;;mosca;m o s k a;;;;;;;;medio-alta;posteriore;v
44100;139,848;6167296,8;6166944.0;4850.0;242;s;;mosca;m o s k a;;;;;;;;fricativa;alveolare;sorda
44100;140,046;6176028,6;6171795.0;5732.0;242;k;;mosca;m o s k a;;;;;;;;occlusiva;velare;sorda
44100;140,081;6177572,1;6177528.0;4409.0;242;a;;mosca;m o s k a;;;;;;;;bassa;centrale;v
44100;140,179;6181893,9;6181938.0;44981.0;-1;<p:>;;;;;;;;;;;;;
44100;141,279;6230403,9;6232212.0;2204.0;243;a;;Allora;a ll o r a;;;;;;;;bassa;centrale;v
44100;141,353;6233667,3;6234417.0;5291.0;243;ll;;Allora;a ll o r a;;;;;;;;laterale;alveolare;sonora
44100;141,479;6239223,9;6239709.0;3086.0;243;o;;Allora;a ll o r a;;;;;;;;medio-alta;posteriore;v
44100;141,568;6243148,8;6242796.0;4409.0;243;r;;Allora;a ll o r a;;;;;;;;vibrante;alveolare;sonora
44100;141,63;6245883;6247206.0;3527.0;243;a;;Allora;a ll o r a;;;;;;;;bassa;centrale;v
44100;141,783;6252630,3;6250734.0;7055.0;244;a;;arriva;a rr i v a;;;;;;;;bassa;centrale;v
44100;141,925;6258892,5;6257790.0;5732.0;244;r;;arriva;a rr i v a;;;;;;;;vibrante;alveolare;sonora
44100;142,107;6266918,7;6263523.0;5732.0;244;i;;arriva;a rr i v a;;;;;;;;alta;anteriore;v
44100;142,151;6268859,1;6269256.0;1763.0;244;v;;arriva;a rr i v a;;;;;;;;fricativa;labiodentale;sonora
44100;142,189;6270534,9;6271020.0;3968.0;244;a;;arriva;a rr i v a;;;;;;;;bassa;centrale;v
44100;142,293;6275121,3;6274989.0;1322.0;245;l;;la;l a;;;;;;;;laterale;alveolare;sonora
44100;142,332;6276841,2;6276312.0;5732.0;245;a;;la;l a;;;;;;;;bassa;centrale;v
44100;142,455;6282265,5;6282045.0;4850.0;246;tS;;civetta;tS i v e tt a;;;;;;;;affricata;postalveolare;sorda
44100;142,571;6287381,1;6286896.0;10142.0;246;i;;civetta;tS i v e tt a;;;;;;;;alta;anteriore;v
44100;142,612;6289189,2;6297039.0;1322.0;246;v;;civetta;tS i v e tt a;;;;;;;;fricativa;labiodentale;sonora
44100;142,66;6291306;6298362.0;1322.0;246;e;;civetta;tS i v e tt a;;;;;;;;medio-alta;anteriore;v
44100;143,032;6307711,2;6299685.0;8378.0;246;tt;;civetta;tS i v e tt a;;;;;;;;occlusiva;alveolare;sorda
44100;143,058;6308857,8;6308064.0;3968.0;246;a;;civetta;tS i v e tt a;;;;;;;;bassa;centrale;v
44100;143,163;6313488,3;;;-1;<p:>;;;;;;;;;;;;;
44100;143,432;6325351,2;6328791.0;2645.0;247;E;;e;E;;;;;;;;medio-bassa;anteriore;v
44100;143,611;6333245,1;6331437.0;2645.0;248;d;;dice;d i tS e;;;;;;;;occlusiva;alveolare;sonora
44100;143,634;6334259,4;6334083.0;8378.0;248;i;;dice;d i tS e;;;;;;;;alta;anteriore;v
44100;143,768;6340168,8;6342462.0;2645.0;248;tS;;dice;d i tS e;;;;;;;;affricata;postalveolare;sorda
44100;143,878;6345019,8;6345108.0;8819.0;248;e;;dice;d i tS e;;;;;;;;medio-alta;anteriore;v
44100;144,034;6351899,4;6353928.0;5732.0;-1;<p:>;;;;;;;;;;;;;
44100;144,237;6360851,7;6359661.0;7937.0;249;u;;Uhuu;u u u ;;;;;;;;alta;posteriore;v
44100;144,391;6367643,1;6367599.0;12788.0;249;u;;Uhuu;u u u ;;;;;;;;alta;posteriore;v
44100;144,681;6380432,1;6380388.0;2204.0;249;u;;Uhuu;u u u ;;;;;;;;alta;posteriore;v
44100;144,91;6390531;6391413.0;19403.0;-1;<p:>;;;;;;;;;;;;;
44100;145,438;6413815,8;6410817.0;6614.0;250;k;;Chi;k i;;;;;;;;occlusiva;velare;sorda
44100;145,523;6417564,3;6417432.0;1322.0;250;i;;Chi;k i;;;;;;;;alta;anteriore;v
44100;145,551;6418799,1;6421401.0;1763.0;251;a;;ha;a;;;;;;;;bassa;centrale;v
44100;145,651;6423209,1;6423165.0;7496.0;252;f;;fatto;f a tt o;;;;;;;;fricativa;labiodentale;sorda
44100;145,814;6430397,4;6430662.0;8378.0;252;a;;fatto;f a tt o;;;;;;;;bassa;centrale;v
44100;146,191;6447023,1;6439041.0;8819.0;252;tt;;fatto;f a tt o;;;;;;;;occlusiva;alveolare;sorda
44100;146,221;6448346,1;6447861.0;4409.0;252;o;;fatto;f a tt o;;;;;;;;medio-alta;posteriore;v
44100;146,334;6453329,4;6452271.0;3527.0;253;k;;quella;k w e ll a;;;;;;;;occlusiva;velare;sorda
44100;146,385;6455578,5;6455799.0;1322.0;253;w;;quella;k w e ll a;;;;;;;;approssimante;labio-velare;sonora
44100;146,426;6457386,6;6457122.0;1763.0;253;e;;quella;k w e ll a;;;;;;;;medio-alta;anteriore;v
44100;146,47;6459327;6458886.0;3086.0;253;ll;;quella;k w e ll a;;;;;;;;laterale;alveolare;sonora
44100;146,524;6461708,4;6461973.0;3527.0;253;a;;quella;k w e ll a;;;;;;;;bassa;centrale;v
44100;146,631;6466427,1;6465501.0;1763.0;254;b;;bella;b E ll a;;;;;;;;occlusiva;bilabiale;sonora
44100;146,665;6467926,5;6467265.0;3968.0;254;E;;bella;b E ll a;;;;;;;;medio-bassa;anteriore;v
44100;146,749;6471630,9;6471234.0;4409.0;254;ll;;bella;b E ll a;;;;;;;;laterale;alveolare;sonora
44100;146,83;6475203;6475644.0;3527.0;254;a;;bella;b E ll a;;;;;;;;bassa;centrale;v
44100;146,916;6478995,6;6479172.0;2645.0;255;r;;ragnatela;r a JJ a t e l a;;;;;;;;vibrante;alveolare;sonora
44100;146,98;6481818;6481818.0;3968.0;255;a;;ragnatela;r a JJ a t e l a;;;;;;;;bassa;centrale;v
44100;147,067;6485654,7;6485787.0;3968.0;255;JJ;;ragnatela;r a JJ a t e l a;;;;;;;;nasale;palatale;sonora
44100;147,174;6490373,4;6489756.0;4850.0;255;a;;ragnatela;r a JJ a t e l a;;;;;;;;bassa;centrale;v
44100;147,329;6497208,9;6494607.0;4409.0;255;t;;ragnatela;r a JJ a t e l a;;;;;;;;occlusiva;alveolare;sorda
44100;147,37;6499017;6499017.0;1322.0;255;e;;ragnatela;r a JJ a t e l a;;;;;;;;medio-alta;anteriore;v
44100;147,522;6505720,2;6500340.0;7937.0;255;l;;ragnatela;r a JJ a t e l a;;;;;;;;laterale;alveolare;sonora
44100;147,607;6509468,7;6508278.0;7055.0;255;a;;ragnatela;r a JJ a t e l a;;;;;;;;bassa;centrale;v
44100;147,713;6514143,3;;;-1;<p:>;;;;;;;;;;;;;
44100;148,763;6560448,3;6515334.0;1322.0;256;E;;E;E;;;;;;;;medio-bassa;anteriore;v
44100;148,849;6564240,9;6560757.0;11465.0;257;i;;il;i l;;;;;;;;alta;anteriore;v
44100;148,934;6567989,4;6572223.0;2645.0;257;l;;il;i l;;;;;;;;laterale;alveolare;sonora
44100;149,099;6575265,9;6574869.0;1322.0;258;p;;piccolo;p i kk o l o;;;;;;;;occlusiva;bilabiale;sorda
44100;149,137;6576941,7;6576192.0;5732.0;258;i;;piccolo;p i kk o l o;;;;;;;;alta;anteriore;v
44100;149,299;6584085,9;6581925.0;5291.0;258;kk;;piccolo;p i kk o l o;;;;;;;;occlusiva;velare;sorda
44100;149,371;6587261,1;6587217.0;3086.0;258;o;;piccolo;p i kk o l o;;;;;;;;medio-alta;posteriore;v
44100;149,447;6590612,7;6590304.0;3086.0;258;l;;piccolo;p i kk o l o;;;;;;;;laterale;alveolare;sonora
44100;149,52;6593832;6593391.0;2645.0;258;o;;piccolo;p i kk o l o;;;;;;;;medio-alta;posteriore;v
44100;149,569;6595992,9;6596037.0;3086.0;259;r;;ragno;r a JJ o;;;;;;;;vibrante;alveolare;sonora
44100;149,64;6599124;6599124.0;3527.0;259;a;;ragno;r a JJ o;;;;;;;;bassa;centrale;v
44100;149,731;6603137,1;6602652.0;7055.0;259;JJ;;ragno;r a JJ o;;;;;;;;nasale;palatale;sonora
44100;149,893;6610281,3;6609708.0;3968.0;259;o;;ragno;r a JJ o;;;;;;;;medio-alta;posteriore;v
44100;150,007;6615308,7;6613677.0;3527.0;260;t;;tace;t a tS e;;;;;;;;occlusiva;alveolare;sorda
44100;150,046;6617028,6;6617205.0;10583.0;260;a;;tace;t a tS e;;;;;;;;bassa;centrale;v
44100;150,266;6626730,6;6627789.0;4409.0;260;tS;;tace;t a tS e;;;;;;;;affricata;postalveolare;sorda
44100;150,398;6632551,8;6632199.0;4409.0;260;e;;tace;t a tS e;;;;;;;;medio-alta;anteriore;v
44100;150,482;6636256,2;6636609.0;29105.0;-1;<p:>;;;;;;;;;;;;;
44100;151,205;6668140,5;6665715.0;3086.0;261;d;;dorme;d O r m e;;;;;;;;occlusiva;alveolare;sonora
44100;151,235;6669463,5;6668802.0;6614.0;261;O;;dorme;d O r m e;;;;;;;;medio-bassa;posteriore;v
44100;151,315;6672991,5;6675417.0;2645.0;261;r;;dorme;d O r m e;;;;;;;;vibrante;alveolare;sonora
44100;151,437;6678371,7;6678063.0;2645.0;261;m;;dorme;d O r m e;;;;;;;;nasale;bilabiale;sonora
44100;151,485;6680488,5;6680709.0;4850.0;261;e;;dorme;d O r m e;;;;;;;;medio-alta;anteriore;v
44100;151,568;6684148,8;6685560.0;2204.0;262;dZ;;giÃ ;dZ a;;;;;;;;affricata;postalveolare;sonora
44100;151,647;6687632,7;6687765.0;7937.0;262;a;;giÃ ;dZ a;;;;;;;;bassa;centrale;v
44100;151,848;6696496,8;6695703.0;1763.0;263;d;;da;d a;;;;;;;;occlusiva;alveolare;sonora
44100;151,877;6697775,7;6697467.0;1763.0;263;a;;da;d a;;;;;;;;bassa;centrale;v
44100;151,923;6699804,3;6699231.0;8378.0;264;u;;un;u n;;;;;;;;alta;posteriore;v
44100;152,063;6705978,3;6707610.0;2204.0;264;N;;un;u n;;;;;;;;;;
44100;152,166;6710520,6;6709815.0;1763.0;265;p;;po';p o;;;;;;;;occlusiva;bilabiale;sorda
44100;152,199;6711975,9;6711579.0;6614.0;265;o;;po';p o;;;;;;;;medio-alta;posteriore;v
44100;152,336;6718017,6;6718194.0;34838.0;-1;<p:>;;;;;;;;;;;;;
44100;153,185;6755458,5;6756120.0;2645.0;266;E;;Ã¨;E;;;;;;;;medio-bassa;anteriore;v
44100;153,305;6760750,5;6758766.0;6173.0;267;s;;stata;s t a t a;;;;;;;;fricativa;alveolare;sorda
44100;153,421;6765866,1;6764940.0;2204.0;267;t;;stata;s t a t a;;;;;;;;occlusiva;alveolare;sorda
44100;153,458;6767497,8;6767145.0;5732.0;267;a;;stata;s t a t a;;;;;;;;bassa;centrale;v
44100;153,617;6774509,7;6772878.0;3086.0;267;t;;stata;s t a t a;;;;;;;;occlusiva;alveolare;sorda
44100;153,653;6776097,3;6775965.0;2645.0;267;a;;stata;s t a t a;;;;;;;;bassa;centrale;v
44100;153,733;6779625,3;6778611.0;6614.0;268;u;;una;u n a;;;;;;;;alta;posteriore;v
44100;153,826;6783726,6;6785226.0;1763.0;268;n;;una;u n a;;;;;;;;nasale;alveolare;sonora
44100;153,897;6786857,7;6786990.0;3968.0;268;a;;una;u n a;;;;;;;;bassa;centrale;v
44100;154,048;6793516,8;6790959.0;3086.0;269;d;;dura;d u r a;;;;;;;;occlusiva;alveolare;sonora
44100;154,081;6794972,1;6794046.0;8378.0;269;u;;dura;d u r a;;;;;;;;alta;posteriore;v
44100;154,227;6801410,7;6802425.0;3527.0;269;r;;dura;d u r a;;;;;;;;vibrante;alveolare;sonora
44100;154,306;6804894,6;6805953.0;4850.0;269;a;;dura;d u r a;;;;;;;;bassa;centrale;v
44100;154,433;6810495,3;6810804.0;2645.0;270;dZ;;giornata;dZ o r n a t a;;;;;;;;affricata;postalveolare;sonora
44100;154,499;6813405,9;6813450.0;3086.0;270;o;;giornata;dZ o r n a t a;;;;;;;;medio-alta;posteriore;v
44100;154,573;6816669,3;6816537.0;2645.0;270;r;;giornata;dZ o r n a t a;;;;;;;;vibrante;alveolare;sonora
44100;154,698;6822181,8;6819183.0;4850.0;270;n;;giornata;dZ o r n a t a;;;;;;;;nasale;alveolare;sonora
44100;154,741;6824078,1;6824034.0;8378.0;270;a;;giornata;dZ o r n a t a;;;;;;;;bassa;centrale;v
44100;154,943;6832986,3;6832413.0;2645.0;270;t;;giornata;dZ o r n a t a;;;;;;;;occlusiva;alveolare;sorda
44100;154,979;6834573,9;6835059.0;2645.0;270;a;;giornata;dZ o r n a t a;;;;;;;;bassa;centrale;v
44100;155,073;6838719,3;6837705.0;1763.0;271;d;;di;d i;;;;;;;;occlusiva;alveolare;sonora
44100;155,093;6839601,3;6839469.0;3086.0;271;i;;di;d i;;;;;;;;alta;anteriore;v
44100;155,164;6842732,4;6842556.0;1763.0;272;l;;lavoro;l a v o r o;;;;;;;;laterale;alveolare;sonora
44100;155,208;6844672,8;6844320.0;6614.0;272;a;;lavoro;l a v o r o;;;;;;;;bassa;centrale;v
44100;155,318;6849523,8;6850935.0;1763.0;272;v;;lavoro;l a v o r o;;;;;;;;fricativa;labiodentale;sonora
44100;155,383;6852390,3;6852699.0;7937.0;272;o;;lavoro;l a v o r o;;;;;;;;medio-alta;posteriore;v
44100;155,561;6860240,1;6860637.0;4409.0;272;r;;lavoro;l a v o r o;;;;;;;;vibrante;alveolare;sonora
44100;155,664;6864782,4;6865047.0;2645.0;272;o;;lavoro;l a v o r o;;;;;;;;medio-alta;posteriore;v
44100;155,735;6867913,5;6867693.0;1658776.0;-1;<p:>;;;;;;;;;;;;;
